# WaveFront *.obj file (generated by Autodesk ATF)

mtllib TABLE.mtl

g 13

v -10.000002 10.100480 13.415997
v -9.000002 9.062709 13.537295
v -10.000002 9.062709 13.537295
v -9.000002 8.024937 13.415997
v -10.000002 8.024937 13.415997
v -9.000002 7.043112 13.058642
v -10.000002 7.043112 13.058642
v -9.000002 6.170164 12.484495
v -10.000002 6.170164 12.484495
v -9.000002 5.453154 11.724509
v -10.000002 5.453154 11.724509
v -9.000002 4.930736 10.819654
v -10.000002 4.930736 10.819654
v -9.000002 4.631074 9.818712
v -10.000002 4.631074 9.818712
v -9.000002 4.570322 8.775644
v -10.000002 4.570322 8.775644
v -9.000002 4.751756 7.746681
v -10.000002 4.751756 7.746681
v -9.000002 5.165594 6.787295
v -10.000002 5.165594 6.787295
v -9.000002 5.789527 5.949208
v -10.000002 5.789527 5.949208
v -9.000002 6.589918 5.277600
v -10.000002 6.589918 5.277600
v -9.000002 7.523618 4.808679
v -10.000002 7.523618 4.808679
v -9.000002 8.540291 4.567723
v -10.000002 8.540291 4.567723
v -9.000002 9.585127 4.567723
v -10.000002 9.585127 4.567723
v -9.000002 10.601799 4.808679
v -10.000002 10.601799 4.808679
v -9.000002 11.535499 5.277600
v -10.000002 11.535499 5.277600
v -9.000002 12.335890 5.949208
v -10.000002 12.335890 5.949208
v -9.000002 12.959823 6.787295
v -10.000002 12.959823 6.787295
v -9.000002 13.373661 7.746681
v -10.000002 13.373661 7.746681
v -9.000002 13.555095 8.775644
v -10.000002 13.555095 8.775644
v -9.000002 13.494344 9.818712
v -10.000002 13.494344 9.818712
v -9.000002 13.194681 10.819654
v -10.000002 13.194681 10.819654
v -9.000002 12.672263 11.724509
v -10.000002 12.672263 11.724509
v -9.000002 11.955253 12.484495
v -10.000002 11.955253 12.484495
v -9.000002 11.082305 13.058642
v -10.000002 11.082305 13.058642
v -9.000002 10.100480 13.415997
v -9.000002 20.062710 19.537294
v -10.000002 20.062710 19.537294
v -9.000002 20.045671 19.666704
v -10.000002 20.045671 19.666704
v -9.000002 19.995722 19.787294
v -10.000002 19.995722 19.787294
v -9.000002 19.916262 19.890848
v -10.000002 19.916262 19.890848
v -9.000002 19.812710 19.970308
v -10.000002 19.812710 19.970308
v -9.000002 19.692118 20.020258
v -10.000002 19.692118 20.020258
v -9.000002 19.562710 20.037294
v -10.000002 19.562710 20.037294
v -9.000002 -1.437291 20.037294
v -10.000002 -1.437291 20.037294
v -9.000002 -1.566701 20.020258
v -10.000002 -1.566701 20.020258
v -9.000002 -1.687291 19.970308
v -10.000002 -1.687291 19.970308
v -9.000002 -1.790845 19.890848
v -10.000002 -1.790845 19.890848
v -9.000002 -1.870304 19.787294
v -10.000002 -1.870304 19.787294
v -9.000002 -1.920254 19.666704
v -10.000002 -1.920254 19.666704
v -9.000002 -1.937291 19.537294
v -10.000002 -1.937291 19.537294
v -9.000002 -1.937291 -1.462705
v -10.000002 -1.937291 -1.462705
v -9.000002 -1.920254 -1.592114
v -10.000002 -1.920254 -1.592114
v -9.000002 -1.870304 -1.712705
v -10.000002 -1.870304 -1.712705
v -9.000002 -1.790845 -1.816258
v -10.000002 -1.790845 -1.816258
v -9.000002 -1.687291 -1.895717
v -10.000002 -1.687291 -1.895717
v -9.000002 -1.566701 -1.945667
v -10.000002 -1.566701 -1.945667
v -9.000002 -1.437291 -1.962705
v -10.000002 -1.437291 -1.962705
v -9.000002 19.562710 -1.962705
v -10.000002 19.562710 -1.962705
v -9.000002 19.692118 -1.945667
v -10.000002 19.692118 -1.945667
v -9.000002 19.812710 -1.895717
v -10.000002 19.812710 -1.895717
v -9.000002 19.916262 -1.816258
v -10.000002 19.916262 -1.816258
v -9.000002 19.995722 -1.712705
v -10.000002 19.995722 -1.712705
v -9.000002 20.045671 -1.592114
v -10.000002 20.045671 -1.592114
v -9.000002 20.062710 -1.462705
v -10.000002 20.062710 -1.462705
v -10.000002 13.880200 6.490140
v -9.000002 13.880200 6.490140
v -10.000002 13.825848 6.497295
v -9.000002 13.825848 6.497295
v -10.000002 13.771496 6.490140
v -9.000002 13.771496 6.490140
v -10.000002 13.720848 6.469161
v -9.000002 13.720848 6.469161
v -10.000002 13.677356 6.435788
v -9.000002 13.677356 6.435788
v -10.000002 13.643983 6.392295
v -9.000002 13.643983 6.392295
v -10.000002 13.623004 6.341647
v -9.000002 13.623004 6.341647
v -10.000002 13.615848 6.287295
v -9.000002 13.615848 6.287295
v -10.000002 13.623004 6.232943
v -9.000002 13.623004 6.232943
v -10.000002 13.643983 6.182295
v -9.000002 13.643983 6.182295
v -10.000002 13.677356 6.138803
v -9.000002 13.677356 6.138803
v -10.000002 13.720848 6.105430
v -9.000002 13.720848 6.105430
v -10.000002 13.771496 6.084451
v -9.000002 13.771496 6.084451
v -10.000002 13.825848 6.077295
v -9.000002 13.825848 6.077295
v -10.000002 13.880200 6.084451
v -9.000002 13.880200 6.084451
v -10.000002 13.930848 6.105430
v -9.000002 13.930848 6.105430
v -10.000002 13.974341 6.138803
v -9.000002 13.974341 6.138803
v -10.000002 14.007714 6.182295
v -9.000002 14.007714 6.182295
v -10.000002 14.028693 6.232943
v -9.000002 14.028693 6.232943
v -10.000002 14.035848 6.287295
v -9.000002 14.035848 6.287295
v -10.000002 14.028693 6.341647
v -9.000002 14.028693 6.341647
v -10.000002 14.007714 6.392295
v -9.000002 14.007714 6.392295
v -10.000002 13.974341 6.435788
v -9.000002 13.974341 6.435788
v -10.000002 13.930848 6.469161
v -9.000002 13.930848 6.469161
v -10.000002 9.117061 3.740140
v -9.000002 9.117061 3.740140
v -10.000002 9.062709 3.747295
v -9.000002 9.062709 3.747295
v -10.000002 9.008357 3.740140
v -9.000002 9.008357 3.740140
v -10.000002 8.957709 3.719161
v -9.000002 8.957709 3.719161
v -10.000002 8.914216 3.685788
v -9.000002 8.914216 3.685788
v -10.000002 8.880843 3.642295
v -9.000002 8.880843 3.642295
v -10.000002 8.859864 3.591647
v -9.000002 8.859864 3.591647
v -10.000002 8.852709 3.537295
v -9.000002 8.852709 3.537295
v -10.000002 8.859864 3.482943
v -9.000002 8.859864 3.482943
v -10.000002 8.880843 3.432295
v -9.000002 8.880843 3.432295
v -10.000002 8.914216 3.388803
v -9.000002 8.914216 3.388803
v -10.000002 8.957709 3.355430
v -9.000002 8.957709 3.355430
v -10.000002 9.008357 3.334451
v -9.000002 9.008357 3.334451
v -10.000002 9.062709 3.327295
v -9.000002 9.062709 3.327295
v -10.000002 9.117061 3.334451
v -9.000002 9.117061 3.334451
v -10.000002 9.167709 3.355430
v -9.000002 9.167709 3.355430
v -10.000002 9.211201 3.388803
v -9.000002 9.211201 3.388803
v -10.000002 9.244574 3.432295
v -9.000002 9.244574 3.432295
v -10.000002 9.265553 3.482943
v -9.000002 9.265553 3.482943
v -10.000002 9.272709 3.537295
v -9.000002 9.272709 3.537295
v -10.000002 9.265553 3.591647
v -9.000002 9.265553 3.591647
v -10.000002 9.244574 3.642295
v -9.000002 9.244574 3.642295
v -10.000002 9.211201 3.685788
v -9.000002 9.211201 3.685788
v -10.000002 9.167709 3.719161
v -9.000002 9.167709 3.719161
v -10.000002 4.353921 6.490140
v -9.000002 4.353921 6.490140
v -10.000002 4.299569 6.497295
v -9.000002 4.299569 6.497295
v -10.000002 4.245217 6.490140
v -9.000002 4.245217 6.490140
v -10.000002 4.194569 6.469161
v -9.000002 4.194569 6.469161
v -10.000002 4.151076 6.435788
v -9.000002 4.151076 6.435788
v -10.000002 4.117704 6.392295
v -9.000002 4.117704 6.392295
v -10.000002 4.096724 6.341647
v -9.000002 4.096724 6.341647
v -10.000002 4.089569 6.287295
v -9.000002 4.089569 6.287295
v -10.000002 4.096724 6.232943
v -9.000002 4.096724 6.232943
v -10.000002 4.117704 6.182295
v -9.000002 4.117704 6.182295
v -10.000002 4.151076 6.138803
v -9.000002 4.151076 6.138803
v -10.000002 4.194569 6.105430
v -9.000002 4.194569 6.105430
v -10.000002 4.245217 6.084451
v -9.000002 4.245217 6.084451
v -10.000002 4.299569 6.077295
v -9.000002 4.299569 6.077295
v -10.000002 4.353921 6.084451
v -9.000002 4.353921 6.084451
v -10.000002 4.404569 6.105430
v -9.000002 4.404569 6.105430
v -10.000002 4.448061 6.138803
v -9.000002 4.448061 6.138803
v -10.000002 4.481434 6.182295
v -9.000002 4.481434 6.182295
v -10.000002 4.502413 6.232943
v -9.000002 4.502413 6.232943
v -10.000002 4.509569 6.287295
v -9.000002 4.509569 6.287295
v -10.000002 4.502413 6.341647
v -9.000002 4.502413 6.341647
v -10.000002 4.481434 6.392295
v -9.000002 4.481434 6.392295
v -10.000002 4.448061 6.435788
v -9.000002 4.448061 6.435788
v -10.000002 4.404569 6.469161
v -9.000002 4.404569 6.469161
v -10.000002 9.117061 14.740140
v -9.000002 9.117061 14.740140
v -10.000002 9.062709 14.747295
v -9.000002 9.062709 14.747295
v -10.000002 9.008357 14.740140
v -9.000002 9.008357 14.740140
v -10.000002 8.957709 14.719161
v -9.000002 8.957709 14.719161
v -10.000002 8.914216 14.685788
v -9.000002 8.914216 14.685788
v -10.000002 8.880843 14.642295
v -9.000002 8.880843 14.642295
v -10.000002 8.859864 14.591647
v -9.000002 8.859864 14.591647
v -10.000002 8.852709 14.537295
v -9.000002 8.852709 14.537295
v -10.000002 8.859864 14.482943
v -9.000002 8.859864 14.482943
v -10.000002 8.880843 14.432295
v -9.000002 8.880843 14.432295
v -10.000002 8.914216 14.388803
v -9.000002 8.914216 14.388803
v -10.000002 8.957709 14.355430
v -9.000002 8.957709 14.355430
v -10.000002 9.008357 14.334451
v -9.000002 9.008357 14.334451
v -10.000002 9.062709 14.327295
v -9.000002 9.062709 14.327295
v -10.000002 9.117061 14.334451
v -9.000002 9.117061 14.334451
v -10.000002 9.167709 14.355430
v -9.000002 9.167709 14.355430
v -10.000002 9.211201 14.388803
v -9.000002 9.211201 14.388803
v -10.000002 9.244574 14.432295
v -9.000002 9.244574 14.432295
v -10.000002 9.265553 14.482943
v -9.000002 9.265553 14.482943
v -10.000002 9.272709 14.537295
v -9.000002 9.272709 14.537295
v -10.000002 9.265553 14.591647
v -9.000002 9.265553 14.591647
v -10.000002 9.244574 14.642295
v -9.000002 9.244574 14.642295
v -10.000002 9.211201 14.685788
v -9.000002 9.211201 14.685788
v -10.000002 9.167709 14.719161
v -9.000002 9.167709 14.719161
v -10.000002 13.880200 11.990140
v -9.000002 13.880200 11.990140
v -10.000002 13.825848 11.997295
v -9.000002 13.825848 11.997295
v -10.000002 13.771496 11.990140
v -9.000002 13.771496 11.990140
v -10.000002 13.720848 11.969161
v -9.000002 13.720848 11.969161
v -10.000002 13.677356 11.935788
v -9.000002 13.677356 11.935788
v -10.000002 13.643983 11.892295
v -9.000002 13.643983 11.892295
v -10.000002 13.623004 11.841647
v -9.000002 13.623004 11.841647
v -10.000002 13.615848 11.787295
v -9.000002 13.615848 11.787295
v -10.000002 13.623004 11.732943
v -9.000002 13.623004 11.732943
v -10.000002 13.643983 11.682295
v -9.000002 13.643983 11.682295
v -10.000002 13.677356 11.638803
v -9.000002 13.677356 11.638803
v -10.000002 13.720848 11.605430
v -9.000002 13.720848 11.605430
v -10.000002 13.771496 11.584451
v -9.000002 13.771496 11.584451
v -10.000002 13.825848 11.577295
v -9.000002 13.825848 11.577295
v -10.000002 13.880200 11.584451
v -9.000002 13.880200 11.584451
v -10.000002 13.930848 11.605430
v -9.000002 13.930848 11.605430
v -10.000002 13.974341 11.638803
v -9.000002 13.974341 11.638803
v -10.000002 14.007714 11.682295
v -9.000002 14.007714 11.682295
v -10.000002 14.028693 11.732943
v -9.000002 14.028693 11.732943
v -10.000002 14.035848 11.787295
v -9.000002 14.035848 11.787295
v -10.000002 14.028693 11.841647
v -9.000002 14.028693 11.841647
v -10.000002 14.007714 11.892295
v -9.000002 14.007714 11.892295
v -10.000002 13.974341 11.935788
v -9.000002 13.974341 11.935788
v -10.000002 13.930848 11.969161
v -9.000002 13.930848 11.969161
v -10.000002 4.353921 11.990140
v -9.000002 4.353921 11.990140
v -10.000002 4.299569 11.997295
v -9.000002 4.299569 11.997295
v -10.000002 4.245217 11.990140
v -9.000002 4.245217 11.990140
v -10.000002 4.194569 11.969161
v -9.000002 4.194569 11.969161
v -10.000002 4.151076 11.935788
v -9.000002 4.151076 11.935788
v -10.000002 4.117704 11.892295
v -9.000002 4.117704 11.892295
v -10.000002 4.096724 11.841647
v -9.000002 4.096724 11.841647
v -10.000002 4.089569 11.787295
v -9.000002 4.089569 11.787295
v -10.000002 4.096724 11.732943
v -9.000002 4.096724 11.732943
v -10.000002 4.117704 11.682295
v -9.000002 4.117704 11.682295
v -10.000002 4.151076 11.638803
v -9.000002 4.151076 11.638803
v -10.000002 4.194569 11.605430
v -9.000002 4.194569 11.605430
v -10.000002 4.245217 11.584451
v -9.000002 4.245217 11.584451
v -10.000002 4.299569 11.577295
v -9.000002 4.299569 11.577295
v -10.000002 4.353921 11.584451
v -9.000002 4.353921 11.584451
v -10.000002 4.404569 11.605430
v -9.000002 4.404569 11.605430
v -10.000002 4.448061 11.638803
v -9.000002 4.448061 11.638803
v -10.000002 4.481434 11.682295
v -9.000002 4.481434 11.682295
v -10.000002 4.502413 11.732943
v -9.000002 4.502413 11.732943
v -10.000002 4.509569 11.787295
v -9.000002 4.509569 11.787295
v -10.000002 4.502413 11.841647
v -9.000002 4.502413 11.841647
v -10.000002 4.481434 11.892295
v -9.000002 4.481434 11.892295
v -10.000002 4.448061 11.935788
v -9.000002 4.448061 11.935788
v -10.000002 4.404569 11.969161
v -9.000002 4.404569 11.969161
v -9.000002 0.172707 17.626778
v -10.000002 0.172707 17.626778
v -9.000002 0.062709 17.612295
v -10.000002 0.062709 17.612295
v -9.000002 -0.047289 17.626778
v -10.000002 -0.047289 17.626778
v -9.000002 -0.149791 17.669235
v -10.000002 -0.149791 17.669235
v -9.000002 -0.237812 17.736774
v -10.000002 -0.237812 17.736774
v -9.000002 -0.305352 17.824795
v -10.000002 -0.305352 17.824795
v -9.000002 -0.347810 17.927298
v -10.000002 -0.347810 17.927298
v -9.000002 -0.362291 18.037294
v -10.000002 -0.362291 18.037294
v -9.000002 -0.347810 18.147293
v -10.000002 -0.347810 18.147293
v -9.000002 -0.305352 18.249796
v -10.000002 -0.305352 18.249796
v -9.000002 -0.237812 18.337816
v -10.000002 -0.237812 18.337816
v -9.000002 -0.149791 18.405355
v -10.000002 -0.149791 18.405355
v -9.000002 -0.047289 18.447815
v -10.000002 -0.047289 18.447815
v -9.000002 0.062709 18.462296
v -10.000002 0.062709 18.462296
v -9.000002 0.172707 18.447815
v -10.000002 0.172707 18.447815
v -9.000002 0.275209 18.405355
v -10.000002 0.275209 18.405355
v -9.000002 0.363229 18.337816
v -10.000002 0.363229 18.337816
v -9.000002 0.430769 18.249796
v -10.000002 0.430769 18.249796
v -9.000002 0.473227 18.147293
v -10.000002 0.473227 18.147293
v -9.000002 0.487709 18.037294
v -10.000002 0.487709 18.037294
v -9.000002 0.473227 17.927298
v -10.000002 0.473227 17.927298
v -9.000002 0.430769 17.824795
v -10.000002 0.430769 17.824795
v -9.000002 0.363229 17.736774
v -10.000002 0.363229 17.736774
v -9.000002 0.275209 17.669235
v -10.000002 0.275209 17.669235
v -9.000002 0.172707 -0.373223
v -10.000002 0.172707 -0.373223
v -9.000002 0.062709 -0.387705
v -10.000002 0.062709 -0.387705
v -9.000002 -0.047289 -0.373223
v -10.000002 -0.047289 -0.373223
v -9.000002 -0.149791 -0.330765
v -10.000002 -0.149791 -0.330765
v -9.000002 -0.237812 -0.263225
v -10.000002 -0.237812 -0.263225
v -9.000002 -0.305352 -0.175205
v -10.000002 -0.305352 -0.175205
v -9.000002 -0.347810 -0.072703
v -10.000002 -0.347810 -0.072703
v -9.000002 -0.362291 0.037295
v -10.000002 -0.362291 0.037295
v -9.000002 -0.347810 0.147294
v -10.000002 -0.347810 0.147294
v -9.000002 -0.305352 0.249795
v -10.000002 -0.305352 0.249795
v -9.000002 -0.237812 0.337816
v -10.000002 -0.237812 0.337816
v -9.000002 -0.149791 0.405356
v -10.000002 -0.149791 0.405356
v -9.000002 -0.047289 0.447814
v -10.000002 -0.047289 0.447814
v -9.000002 0.062709 0.462295
v -10.000002 0.062709 0.462295
v -9.000002 0.172707 0.447814
v -10.000002 0.172707 0.447814
v -9.000002 0.275209 0.405356
v -10.000002 0.275209 0.405356
v -9.000002 0.363229 0.337816
v -10.000002 0.363229 0.337816
v -9.000002 0.430769 0.249795
v -10.000002 0.430769 0.249795
v -9.000002 0.473227 0.147294
v -10.000002 0.473227 0.147294
v -9.000002 0.487709 0.037295
v -10.000002 0.487709 0.037295
v -9.000002 0.473227 -0.072703
v -10.000002 0.473227 -0.072703
v -9.000002 0.430769 -0.175205
v -10.000002 0.430769 -0.175205
v -9.000002 0.363229 -0.263225
v -10.000002 0.363229 -0.263225
v -9.000002 0.275209 -0.330765
v -10.000002 0.275209 -0.330765
v -9.000002 18.172707 17.626778
v -10.000002 18.172707 17.626778
v -9.000002 18.062710 17.612295
v -10.000002 18.062710 17.612295
v -9.000002 17.952711 17.626778
v -10.000002 17.952711 17.626778
v -9.000002 17.850208 17.669235
v -10.000002 17.850208 17.669235
v -9.000002 17.762188 17.736774
v -10.000002 17.762188 17.736774
v -9.000002 17.694649 17.824795
v -10.000002 17.694649 17.824795
v -9.000002 17.652189 17.927298
v -10.000002 17.652189 17.927298
v -9.000002 17.637709 18.037294
v -10.000002 17.637709 18.037294
v -9.000002 17.652189 18.147293
v -10.000002 17.652189 18.147293
v -9.000002 17.694649 18.249796
v -10.000002 17.694649 18.249796
v -9.000002 17.762188 18.337816
v -10.000002 17.762188 18.337816
v -9.000002 17.850208 18.405355
v -10.000002 17.850208 18.405355
v -9.000002 17.952711 18.447815
v -10.000002 17.952711 18.447815
v -9.000002 18.062710 18.462296
v -10.000002 18.062710 18.462296
v -9.000002 18.172707 18.447815
v -10.000002 18.172707 18.447815
v -9.000002 18.275209 18.405355
v -10.000002 18.275209 18.405355
v -9.000002 18.363230 18.337816
v -10.000002 18.363230 18.337816
v -9.000002 18.430769 18.249796
v -10.000002 18.430769 18.249796
v -9.000002 18.473227 18.147293
v -10.000002 18.473227 18.147293
v -9.000002 18.487709 18.037294
v -10.000002 18.487709 18.037294
v -9.000002 18.473227 17.927298
v -10.000002 18.473227 17.927298
v -9.000002 18.430769 17.824795
v -10.000002 18.430769 17.824795
v -9.000002 18.363230 17.736774
v -10.000002 18.363230 17.736774
v -9.000002 18.275209 17.669235
v -10.000002 18.275209 17.669235
v -9.000002 18.172707 -0.373223
v -10.000002 18.172707 -0.373223
v -9.000002 18.062710 -0.387705
v -10.000002 18.062710 -0.387705
v -9.000002 17.952711 -0.373223
v -10.000002 17.952711 -0.373223
v -9.000002 17.850208 -0.330765
v -10.000002 17.850208 -0.330765
v -9.000002 17.762188 -0.263225
v -10.000002 17.762188 -0.263225
v -9.000002 17.694649 -0.175205
v -10.000002 17.694649 -0.175205
v -9.000002 17.652189 -0.072703
v -10.000002 17.652189 -0.072703
v -9.000002 17.637709 0.037295
v -10.000002 17.637709 0.037295
v -9.000002 17.652189 0.147294
v -10.000002 17.652189 0.147294
v -9.000002 17.694649 0.249795
v -10.000002 17.694649 0.249795
v -9.000002 17.762188 0.337816
v -10.000002 17.762188 0.337816
v -9.000002 17.850208 0.405356
v -10.000002 17.850208 0.405356
v -9.000002 17.952711 0.447814
v -10.000002 17.952711 0.447814
v -9.000002 18.062710 0.462295
v -10.000002 18.062710 0.462295
v -9.000002 18.172707 0.447814
v -10.000002 18.172707 0.447814
v -9.000002 18.275209 0.405356
v -10.000002 18.275209 0.405356
v -9.000002 18.363230 0.337816
v -10.000002 18.363230 0.337816
v -9.000002 18.430769 0.249795
v -10.000002 18.430769 0.249795
v -9.000002 18.473227 0.147294
v -10.000002 18.473227 0.147294
v -9.000002 18.487709 0.037295
v -10.000002 18.487709 0.037295
v -9.000002 18.473227 -0.072703
v -10.000002 18.473227 -0.072703
v -9.000002 18.430769 -0.175205
v -10.000002 18.430769 -0.175205
v -9.000002 18.363230 -0.263225
v -10.000002 18.363230 -0.263225
v -9.000002 18.275209 -0.330765
v -10.000002 18.275209 -0.330765
v -10.000002 20.062710 9.037295
v -9.000002 20.062710 9.037295
v -9.000002 9.062709 20.037294
v -10.000002 9.062709 20.037294
v -10.000002 -1.937291 9.037295
v -9.000002 -1.937291 9.037295
v -10.000002 9.062709 -1.962705
v -9.000002 9.062709 -1.962705
v -9.000002 9.062709 18.462296
v -9.000002 9.062709 0.462295
v -10.000002 9.062709 18.462296
v -10.000002 9.062709 0.462295
usemtl Steel_-_Satin
f 1 2 3
f 3 2 4
f 3 4 5
f 5 4 6
f 5 6 7
f 7 6 8
f 7 8 9
f 9 8 10
f 9 10 11
f 11 10 12
f 11 12 13
f 13 12 14
f 13 14 15
f 15 14 16
f 15 16 17
f 17 16 18
f 17 18 19
f 19 18 20
f 19 20 21
f 21 20 22
f 21 22 23
f 23 22 24
f 23 24 25
f 25 24 26
f 25 26 27
f 27 26 28
f 27 28 29
f 29 28 30
f 29 30 31
f 31 30 32
f 31 32 33
f 33 32 34
f 33 34 35
f 35 34 36
f 35 36 37
f 37 36 38
f 37 38 39
f 39 38 40
f 39 40 41
f 41 40 42
f 41 42 43
f 43 42 44
f 43 44 45
f 45 44 46
f 45 46 47
f 47 46 48
f 47 48 49
f 49 48 50
f 49 50 51
f 51 50 52
f 51 52 53
f 53 52 54
f 53 54 1
f 1 54 2
f 55 56 57
f 57 56 58
f 57 58 59
f 59 58 60
f 59 60 61
f 61 60 62
f 61 62 63
f 63 62 64
f 63 64 65
f 65 64 66
f 65 66 67
f 67 66 68
f 69 70 71
f 71 70 72
f 71 72 73
f 73 72 74
f 73 74 75
f 75 74 76
f 75 76 77
f 77 76 78
f 77 78 79
f 79 78 80
f 79 80 81
f 81 80 82
f 83 84 85
f 85 84 86
f 85 86 87
f 87 86 88
f 87 88 89
f 89 88 90
f 89 90 91
f 91 90 92
f 91 92 93
f 93 92 94
f 93 94 95
f 95 94 96
f 97 98 99
f 99 98 100
f 99 100 101
f 101 100 102
f 101 102 103
f 103 102 104
f 103 104 105
f 105 104 106
f 105 106 107
f 107 106 108
f 107 108 109
f 109 108 110
f 111 112 113
f 113 112 114
f 113 114 115
f 115 114 116
f 115 116 117
f 117 116 118
f 117 118 119
f 119 118 120
f 119 120 121
f 121 120 122
f 121 122 123
f 123 122 124
f 123 124 125
f 125 124 126
f 125 126 127
f 127 126 128
f 127 128 129
f 129 128 130
f 129 130 131
f 131 130 132
f 131 132 133
f 133 132 134
f 133 134 135
f 135 134 136
f 135 136 137
f 137 136 138
f 137 138 139
f 139 138 140
f 139 140 141
f 141 140 142
f 141 142 143
f 143 142 144
f 143 144 145
f 145 144 146
f 145 146 147
f 147 146 148
f 147 148 149
f 149 148 150
f 149 150 151
f 151 150 152
f 151 152 153
f 153 152 154
f 153 154 155
f 155 154 156
f 155 156 157
f 157 156 158
f 157 158 111
f 111 158 112
f 159 160 161
f 161 160 162
f 161 162 163
f 163 162 164
f 163 164 165
f 165 164 166
f 165 166 167
f 167 166 168
f 167 168 169
f 169 168 170
f 169 170 171
f 171 170 172
f 171 172 173
f 173 172 174
f 173 174 175
f 175 174 176
f 175 176 177
f 177 176 178
f 177 178 179
f 179 178 180
f 179 180 181
f 181 180 182
f 181 182 183
f 183 182 184
f 183 184 185
f 185 184 186
f 185 186 187
f 187 186 188
f 187 188 189
f 189 188 190
f 189 190 191
f 191 190 192
f 191 192 193
f 193 192 194
f 193 194 195
f 195 194 196
f 195 196 197
f 197 196 198
f 197 198 199
f 199 198 200
f 199 200 201
f 201 200 202
f 201 202 203
f 203 202 204
f 203 204 205
f 205 204 206
f 205 206 159
f 159 206 160
f 207 208 209
f 209 208 210
f 209 210 211
f 211 210 212
f 211 212 213
f 213 212 214
f 213 214 215
f 215 214 216
f 215 216 217
f 217 216 218
f 217 218 219
f 219 218 220
f 219 220 221
f 221 220 222
f 221 222 223
f 223 222 224
f 223 224 225
f 225 224 226
f 225 226 227
f 227 226 228
f 227 228 229
f 229 228 230
f 229 230 231
f 231 230 232
f 231 232 233
f 233 232 234
f 233 234 235
f 235 234 236
f 235 236 237
f 237 236 238
f 237 238 239
f 239 238 240
f 239 240 241
f 241 240 242
f 241 242 243
f 243 242 244
f 243 244 245
f 245 244 246
f 245 246 247
f 247 246 248
f 247 248 249
f 249 248 250
f 249 250 251
f 251 250 252
f 251 252 253
f 253 252 254
f 253 254 207
f 207 254 208
f 255 256 257
f 257 256 258
f 257 258 259
f 259 258 260
f 259 260 261
f 261 260 262
f 261 262 263
f 263 262 264
f 263 264 265
f 265 264 266
f 265 266 267
f 267 266 268
f 267 268 269
f 269 268 270
f 269 270 271
f 271 270 272
f 271 272 273
f 273 272 274
f 273 274 275
f 275 274 276
f 275 276 277
f 277 276 278
f 277 278 279
f 279 278 280
f 279 280 281
f 281 280 282
f 281 282 283
f 283 282 284
f 283 284 285
f 285 284 286
f 285 286 287
f 287 286 288
f 287 288 289
f 289 288 290
f 289 290 291
f 291 290 292
f 291 292 293
f 293 292 294
f 293 294 295
f 295 294 296
f 295 296 297
f 297 296 298
f 297 298 299
f 299 298 300
f 299 300 301
f 301 300 302
f 301 302 255
f 255 302 256
f 303 304 305
f 305 304 306
f 305 306 307
f 307 306 308
f 307 308 309
f 309 308 310
f 309 310 311
f 311 310 312
f 311 312 313
f 313 312 314
f 313 314 315
f 315 314 316
f 315 316 317
f 317 316 318
f 317 318 319
f 319 318 320
f 319 320 321
f 321 320 322
f 321 322 323
f 323 322 324
f 323 324 325
f 325 324 326
f 325 326 327
f 327 326 328
f 327 328 329
f 329 328 330
f 329 330 331
f 331 330 332
f 331 332 333
f 333 332 334
f 333 334 335
f 335 334 336
f 335 336 337
f 337 336 338
f 337 338 339
f 339 338 340
f 339 340 341
f 341 340 342
f 341 342 343
f 343 342 344
f 343 344 345
f 345 344 346
f 345 346 347
f 347 346 348
f 347 348 349
f 349 348 350
f 349 350 303
f 303 350 304
f 351 352 353
f 353 352 354
f 353 354 355
f 355 354 356
f 355 356 357
f 357 356 358
f 357 358 359
f 359 358 360
f 359 360 361
f 361 360 362
f 361 362 363
f 363 362 364
f 363 364 365
f 365 364 366
f 365 366 367
f 367 366 368
f 367 368 369
f 369 368 370
f 369 370 371
f 371 370 372
f 371 372 373
f 373 372 374
f 373 374 375
f 375 374 376
f 375 376 377
f 377 376 378
f 377 378 379
f 379 378 380
f 379 380 381
f 381 380 382
f 381 382 383
f 383 382 384
f 383 384 385
f 385 384 386
f 385 386 387
f 387 386 388
f 387 388 389
f 389 388 390
f 389 390 391
f 391 390 392
f 391 392 393
f 393 392 394
f 393 394 395
f 395 394 396
f 395 396 397
f 397 396 398
f 397 398 351
f 351 398 352
f 399 400 401
f 401 400 402
f 401 402 403
f 403 402 404
f 403 404 405
f 405 404 406
f 405 406 407
f 407 406 408
f 407 408 409
f 409 408 410
f 409 410 411
f 411 410 412
f 411 412 413
f 413 412 414
f 413 414 415
f 415 414 416
f 415 416 417
f 417 416 418
f 417 418 419
f 419 418 420
f 419 420 421
f 421 420 422
f 421 422 423
f 423 422 424
f 423 424 425
f 425 424 426
f 425 426 427
f 427 426 428
f 427 428 429
f 429 428 430
f 429 430 431
f 431 430 432
f 431 432 433
f 433 432 434
f 433 434 435
f 435 434 436
f 435 436 437
f 437 436 438
f 437 438 439
f 439 438 440
f 439 440 441
f 441 440 442
f 441 442 443
f 443 442 444
f 443 444 445
f 445 444 446
f 445 446 399
f 399 446 400
f 447 448 449
f 449 448 450
f 449 450 451
f 451 450 452
f 451 452 453
f 453 452 454
f 453 454 455
f 455 454 456
f 455 456 457
f 457 456 458
f 457 458 459
f 459 458 460
f 459 460 461
f 461 460 462
f 461 462 463
f 463 462 464
f 463 464 465
f 465 464 466
f 465 466 467
f 467 466 468
f 467 468 469
f 469 468 470
f 469 470 471
f 471 470 472
f 471 472 473
f 473 472 474
f 473 474 475
f 475 474 476
f 475 476 477
f 477 476 478
f 477 478 479
f 479 478 480
f 479 480 481
f 481 480 482
f 481 482 483
f 483 482 484
f 483 484 485
f 485 484 486
f 485 486 487
f 487 486 488
f 487 488 489
f 489 488 490
f 489 490 491
f 491 490 492
f 491 492 493
f 493 492 494
f 493 494 447
f 447 494 448
f 495 496 497
f 497 496 498
f 497 498 499
f 499 498 500
f 499 500 501
f 501 500 502
f 501 502 503
f 503 502 504
f 503 504 505
f 505 504 506
f 505 506 507
f 507 506 508
f 507 508 509
f 509 508 510
f 509 510 511
f 511 510 512
f 511 512 513
f 513 512 514
f 513 514 515
f 515 514 516
f 515 516 517
f 517 516 518
f 517 518 519
f 519 518 520
f 519 520 521
f 521 520 522
f 521 522 523
f 523 522 524
f 523 524 525
f 525 524 526
f 525 526 527
f 527 526 528
f 527 528 529
f 529 528 530
f 529 530 531
f 531 530 532
f 531 532 533
f 533 532 534
f 533 534 535
f 535 534 536
f 535 536 537
f 537 536 538
f 537 538 539
f 539 538 540
f 539 540 541
f 541 540 542
f 541 542 495
f 495 542 496
f 543 544 545
f 545 544 546
f 545 546 547
f 547 546 548
f 547 548 549
f 549 548 550
f 549 550 551
f 551 550 552
f 551 552 553
f 553 552 554
f 553 554 555
f 555 554 556
f 555 556 557
f 557 556 558
f 557 558 559
f 559 558 560
f 559 560 561
f 561 560 562
f 561 562 563
f 563 562 564
f 563 564 565
f 565 564 566
f 565 566 567
f 567 566 568
f 567 568 569
f 569 568 570
f 569 570 571
f 571 570 572
f 571 572 573
f 573 572 574
f 573 574 575
f 575 574 576
f 575 576 577
f 577 576 578
f 577 578 579
f 579 578 580
f 579 580 581
f 581 580 582
f 581 582 583
f 583 582 584
f 583 584 585
f 585 584 586
f 585 586 587
f 587 586 588
f 587 588 589
f 589 588 590
f 589 590 543
f 543 590 544
f 56 55 591
f 591 55 592
f 591 592 110
f 110 592 109
f 67 68 593
f 593 68 594
f 593 594 69
f 69 594 70
f 82 595 81
f 81 595 596
f 596 595 84
f 596 84 83
f 96 597 95
f 95 597 598
f 598 597 98
f 598 98 97
f 598 493 95
f 95 493 447
f 95 447 449
f 97 549 598
f 598 549 551
f 598 551 553
f 99 101 97
f 97 101 103
f 97 103 105
f 105 107 97
f 97 107 109
f 97 109 587
f 587 109 585
f 585 109 583
f 583 109 581
f 581 109 579
f 579 109 577
f 577 109 592
f 577 592 575
f 575 592 573
f 573 592 571
f 571 592 569
f 569 592 148
f 569 148 146
f 55 537 592
f 592 537 539
f 592 539 541
f 57 59 55
f 55 59 61
f 55 61 63
f 63 65 55
f 55 65 67
f 55 67 527
f 527 67 525
f 525 67 523
f 523 67 521
f 521 67 519
f 519 67 517
f 517 67 593
f 517 593 515
f 515 593 513
f 513 593 511
f 511 593 599
f 511 599 509
f 509 599 507
f 507 599 298
f 507 298 52
f 52 298 296
f 52 296 54
f 54 296 294
f 54 294 292
f 69 429 593
f 593 429 431
f 593 431 433
f 71 81 69
f 69 81 419
f 69 419 421
f 71 73 81
f 81 73 75
f 81 75 77
f 77 79 81
f 596 409 81
f 81 409 411
f 81 411 413
f 83 465 596
f 596 465 467
f 596 467 469
f 85 95 83
f 83 95 455
f 83 455 457
f 85 87 95
f 95 87 89
f 95 89 91
f 91 93 95
f 160 30 162
f 162 30 28
f 162 28 164
f 164 28 166
f 166 28 168
f 168 28 170
f 170 28 172
f 172 28 26
f 172 26 174
f 174 26 176
f 176 26 178
f 178 26 600
f 178 600 180
f 180 600 182
f 182 600 184
f 184 600 186
f 186 600 188
f 188 600 190
f 190 600 192
f 192 600 194
f 194 600 32
f 194 32 196
f 196 32 198
f 198 32 200
f 200 32 30
f 200 30 202
f 202 30 204
f 204 30 206
f 206 30 160
f 212 210 18
f 18 210 208
f 18 208 20
f 20 208 254
f 20 254 252
f 252 250 20
f 20 250 248
f 20 248 246
f 246 244 20
f 20 244 22
f 22 244 242
f 22 242 240
f 240 238 22
f 22 238 236
f 22 236 24
f 24 236 234
f 24 234 481
f 481 234 232
f 481 232 479
f 479 232 230
f 479 230 477
f 477 230 228
f 477 228 475
f 475 228 226
f 475 226 473
f 473 226 224
f 473 224 596
f 596 224 222
f 596 222 220
f 220 218 596
f 596 218 16
f 596 16 14
f 218 216 16
f 16 216 18
f 18 216 214
f 18 214 212
f 260 258 599
f 599 258 256
f 599 256 302
f 302 300 599
f 599 300 298
f 292 290 54
f 54 290 288
f 54 288 2
f 2 288 286
f 2 286 284
f 284 282 2
f 2 282 280
f 2 280 278
f 278 276 2
f 2 276 4
f 4 276 274
f 4 274 272
f 272 270 4
f 4 270 268
f 4 268 6
f 6 268 266
f 6 266 439
f 439 266 599
f 439 599 437
f 437 599 435
f 435 599 593
f 435 593 433
f 266 264 599
f 599 264 262
f 599 262 260
f 304 505 306
f 306 505 50
f 306 50 308
f 308 50 310
f 310 50 312
f 312 50 48
f 312 48 314
f 314 48 316
f 316 48 318
f 318 48 320
f 320 48 322
f 322 48 46
f 322 46 324
f 324 46 326
f 326 46 328
f 328 46 330
f 330 46 332
f 332 46 44
f 332 44 334
f 334 44 336
f 336 44 338
f 338 44 592
f 338 592 340
f 340 592 342
f 342 592 344
f 344 592 497
f 344 497 346
f 346 497 499
f 346 499 348
f 348 499 501
f 348 501 350
f 350 501 503
f 350 503 304
f 304 503 505
f 352 8 354
f 354 8 441
f 354 441 356
f 356 441 443
f 356 443 358
f 358 443 445
f 358 445 360
f 360 445 399
f 360 399 362
f 362 399 401
f 362 401 364
f 364 401 596
f 364 596 366
f 366 596 368
f 368 596 370
f 370 596 14
f 370 14 372
f 372 14 374
f 374 14 376
f 376 14 12
f 376 12 378
f 378 12 380
f 380 12 382
f 382 12 384
f 384 12 386
f 386 12 10
f 386 10 388
f 388 10 390
f 390 10 392
f 392 10 394
f 394 10 396
f 396 10 8
f 396 8 398
f 398 8 352
f 449 451 95
f 95 451 453
f 95 453 455
f 457 459 83
f 83 459 461
f 83 461 463
f 463 465 83
f 469 471 596
f 596 471 473
f 481 483 24
f 24 483 600
f 24 600 26
f 483 485 600
f 600 485 487
f 600 487 598
f 598 487 489
f 598 489 491
f 491 493 598
f 543 545 97
f 97 545 547
f 97 547 549
f 553 555 598
f 598 555 600
f 555 557 600
f 600 557 559
f 600 559 34
f 34 559 561
f 34 561 138
f 138 561 140
f 140 561 563
f 140 563 142
f 142 563 565
f 142 565 144
f 144 565 567
f 144 567 146
f 146 567 569
f 587 589 97
f 97 589 543
f 50 505 52
f 52 505 507
f 527 529 55
f 55 529 531
f 55 531 533
f 533 535 55
f 55 535 537
f 541 495 592
f 592 495 497
f 401 403 596
f 596 403 405
f 596 405 407
f 407 409 596
f 413 415 81
f 81 415 417
f 81 417 419
f 421 423 69
f 69 423 425
f 69 425 427
f 427 429 69
f 439 441 6
f 6 441 8
f 116 114 40
f 40 114 112
f 40 112 158
f 158 156 40
f 40 156 42
f 42 156 154
f 42 154 592
f 592 154 152
f 592 152 150
f 150 148 592
f 138 136 34
f 34 136 36
f 36 136 134
f 36 134 132
f 132 130 36
f 36 130 128
f 36 128 38
f 38 128 126
f 38 126 124
f 124 122 38
f 38 122 120
f 38 120 118
f 118 116 38
f 38 116 40
f 44 42 592
f 34 32 600
f 591 538 56
f 56 538 536
f 56 536 534
f 110 578 591
f 591 578 576
f 591 576 574
f 108 98 110
f 110 98 588
f 110 588 586
f 108 106 98
f 98 106 104
f 98 104 102
f 102 100 98
f 597 550 98
f 98 550 548
f 98 548 546
f 96 494 597
f 597 494 492
f 597 492 490
f 94 92 96
f 96 92 90
f 96 90 88
f 88 86 96
f 96 86 84
f 96 84 456
f 456 84 458
f 458 84 460
f 460 84 462
f 462 84 464
f 464 84 466
f 466 84 595
f 466 595 468
f 468 595 470
f 470 595 472
f 472 595 474
f 474 595 223
f 474 223 225
f 82 410 595
f 595 410 408
f 595 408 406
f 80 78 82
f 82 78 76
f 82 76 74
f 74 72 82
f 82 72 70
f 82 70 420
f 420 70 422
f 422 70 424
f 424 70 426
f 426 70 428
f 428 70 430
f 430 70 594
f 430 594 432
f 432 594 434
f 434 594 436
f 436 594 601
f 436 601 438
f 438 601 440
f 440 601 265
f 440 265 7
f 7 265 267
f 7 267 5
f 5 267 269
f 5 269 271
f 68 518 594
f 594 518 516
f 594 516 514
f 66 56 68
f 68 56 528
f 68 528 526
f 66 64 56
f 56 64 62
f 56 62 60
f 60 58 56
f 111 113 41
f 41 113 115
f 41 115 39
f 39 115 117
f 39 117 119
f 119 121 39
f 39 121 123
f 39 123 125
f 125 127 39
f 39 127 37
f 37 127 129
f 37 129 131
f 131 133 37
f 37 133 135
f 37 135 35
f 35 135 137
f 35 137 562
f 562 137 139
f 562 139 564
f 564 139 141
f 564 141 566
f 566 141 143
f 566 143 568
f 568 143 145
f 568 145 570
f 570 145 147
f 570 147 591
f 591 147 149
f 591 149 151
f 151 153 591
f 591 153 43
f 591 43 45
f 153 155 43
f 43 155 41
f 41 155 157
f 41 157 111
f 163 29 161
f 161 29 31
f 161 31 159
f 159 31 205
f 205 31 203
f 203 31 201
f 201 31 199
f 199 31 33
f 199 33 197
f 197 33 195
f 195 33 193
f 193 33 602
f 193 602 191
f 191 602 189
f 189 602 187
f 187 602 185
f 185 602 183
f 183 602 181
f 181 602 179
f 179 602 177
f 177 602 27
f 177 27 175
f 175 27 173
f 173 27 171
f 171 27 29
f 171 29 169
f 169 29 167
f 167 29 165
f 165 29 163
f 207 209 19
f 19 209 211
f 19 211 213
f 213 215 19
f 19 215 17
f 17 215 217
f 17 217 595
f 595 217 219
f 595 219 221
f 221 223 595
f 474 225 476
f 476 225 227
f 476 227 478
f 478 227 229
f 478 229 480
f 480 229 231
f 480 231 482
f 482 231 233
f 482 233 25
f 25 233 235
f 25 235 23
f 23 235 237
f 23 237 239
f 239 241 23
f 23 241 243
f 23 243 21
f 21 243 245
f 21 245 247
f 247 249 21
f 21 249 251
f 21 251 253
f 253 207 21
f 21 207 19
f 255 257 601
f 601 257 259
f 601 259 261
f 261 263 601
f 601 263 265
f 271 273 5
f 5 273 275
f 5 275 3
f 3 275 277
f 3 277 279
f 279 281 3
f 3 281 283
f 3 283 285
f 285 287 3
f 3 287 1
f 1 287 289
f 1 289 291
f 291 293 1
f 1 293 295
f 1 295 53
f 53 295 297
f 53 297 508
f 508 297 601
f 508 601 510
f 510 601 512
f 512 601 594
f 512 594 514
f 297 299 601
f 601 299 301
f 601 301 255
f 307 51 305
f 305 51 506
f 305 506 303
f 303 506 504
f 303 504 349
f 349 504 502
f 349 502 347
f 347 502 500
f 347 500 345
f 345 500 498
f 345 498 343
f 343 498 591
f 343 591 341
f 341 591 339
f 339 591 337
f 337 591 45
f 337 45 335
f 335 45 333
f 333 45 331
f 331 45 47
f 331 47 329
f 329 47 327
f 327 47 325
f 325 47 323
f 323 47 321
f 321 47 49
f 321 49 319
f 319 49 317
f 317 49 315
f 315 49 313
f 313 49 311
f 311 49 51
f 311 51 309
f 309 51 307
f 355 442 353
f 353 442 9
f 353 9 351
f 351 9 397
f 397 9 395
f 395 9 11
f 395 11 393
f 393 11 391
f 391 11 389
f 389 11 387
f 387 11 385
f 385 11 13
f 385 13 383
f 383 13 381
f 381 13 379
f 379 13 377
f 377 13 375
f 375 13 15
f 375 15 373
f 373 15 371
f 371 15 369
f 369 15 595
f 369 595 367
f 367 595 365
f 365 595 363
f 363 595 402
f 363 402 361
f 361 402 400
f 361 400 359
f 359 400 446
f 359 446 357
f 357 446 444
f 357 444 355
f 355 444 442
f 546 544 98
f 98 544 590
f 98 590 588
f 586 584 110
f 110 584 582
f 110 582 580
f 580 578 110
f 574 572 591
f 591 572 570
f 562 560 35
f 35 560 602
f 35 602 33
f 560 558 602
f 602 558 556
f 602 556 597
f 597 556 554
f 597 554 552
f 552 550 597
f 498 496 591
f 591 496 542
f 591 542 540
f 540 538 591
f 534 532 56
f 56 532 530
f 56 530 528
f 526 524 68
f 68 524 522
f 68 522 520
f 520 518 68
f 508 506 53
f 53 506 51
f 452 450 96
f 96 450 448
f 96 448 494
f 490 488 597
f 597 488 602
f 488 486 602
f 602 486 484
f 602 484 25
f 25 484 482
f 456 454 96
f 96 454 452
f 9 442 7
f 7 442 440
f 420 418 82
f 82 418 416
f 82 416 414
f 414 412 82
f 82 412 410
f 406 404 595
f 595 404 402
f 15 17 595
f 25 27 602
g 14

v -9.000002 -2.237291 20.737257
v -10.000002 -2.237291 20.737257
v -9.000002 -2.220254 20.607847
v -10.000002 -2.220254 20.607847
v -9.000002 -2.170304 20.487257
v -10.000002 -2.170304 20.487257
v -9.000002 -2.090845 20.383703
v -10.000002 -2.090845 20.383703
v -9.000002 -1.987291 20.304243
v -10.000002 -1.987291 20.304243
v -9.000002 -1.866701 20.254293
v -10.000002 -1.866701 20.254293
v -9.000002 -1.737291 20.237257
v -10.000002 -1.737291 20.237257
v -9.000002 57.262711 20.237257
v -10.000002 57.262711 20.237257
v -9.000002 57.392117 20.254293
v -10.000002 57.392117 20.254293
v -9.000002 57.512711 20.304243
v -10.000002 57.512711 20.304243
v -9.000002 57.616261 20.383703
v -10.000002 57.616261 20.383703
v -9.000002 57.695721 20.487257
v -10.000002 57.695721 20.487257
v -9.000002 57.745670 20.607847
v -10.000002 57.745670 20.607847
v -9.000002 57.762711 20.737257
v -10.000002 57.762711 20.737257
v -9.000002 57.762711 64.737259
v -10.000002 57.762711 64.737259
v -9.000002 57.745670 64.866669
v -10.000002 57.745670 64.866669
v -9.000002 57.695721 64.987259
v -10.000002 57.695721 64.987259
v -9.000002 57.616261 65.090813
v -10.000002 57.616261 65.090813
v -9.000002 57.512711 65.170273
v -10.000002 57.512711 65.170273
v -9.000002 57.392117 65.220222
v -10.000002 57.392117 65.220222
v -9.000002 57.262711 65.237259
v -10.000002 57.262711 65.237259
v -9.000002 -1.737291 65.237259
v -10.000002 -1.737291 65.237259
v -9.000002 -1.866701 65.220222
v -10.000002 -1.866701 65.220222
v -9.000002 -1.987291 65.170273
v -10.000002 -1.987291 65.170273
v -9.000002 -2.090845 65.090813
v -10.000002 -2.090845 65.090813
v -9.000002 -2.170304 64.987259
v -10.000002 -2.170304 64.987259
v -9.000002 -2.220254 64.866669
v -10.000002 -2.220254 64.866669
v -9.000002 -2.237291 64.737259
v -10.000002 -2.237291 64.737259
v -10.000002 13.477190 32.597256
v -9.000002 13.477190 32.597256
v -10.000002 13.462709 32.487255
v -9.000002 13.462709 32.487255
v -10.000002 13.477190 32.377258
v -9.000002 13.477190 32.377258
v -10.000002 13.519648 32.274757
v -9.000002 13.519648 32.274757
v -10.000002 13.587188 32.186737
v -9.000002 13.587188 32.186737
v -10.000002 13.675209 32.119198
v -9.000002 13.675209 32.119198
v -10.000002 13.777711 32.076740
v -9.000002 13.777711 32.076740
v -10.000002 13.887709 32.062256
v -9.000002 13.887709 32.062256
v -10.000002 13.997707 32.076740
v -9.000002 13.997707 32.076740
v -10.000002 14.100209 32.119198
v -9.000002 14.100209 32.119198
v -10.000002 14.188229 32.186737
v -9.000002 14.188229 32.186737
v -10.000002 14.255769 32.274757
v -9.000002 14.255769 32.274757
v -10.000002 14.298227 32.377258
v -9.000002 14.298227 32.377258
v -10.000002 14.312709 32.487255
v -9.000002 14.312709 32.487255
v -10.000002 14.298227 32.597256
v -9.000002 14.298227 32.597256
v -10.000002 14.255769 32.699757
v -9.000002 14.255769 32.699757
v -10.000002 14.188229 32.787777
v -9.000002 14.188229 32.787777
v -10.000002 14.100209 32.855316
v -9.000002 14.100209 32.855316
v -10.000002 13.997707 32.897778
v -9.000002 13.997707 32.897778
v -10.000002 13.887709 32.912258
v -9.000002 13.887709 32.912258
v -10.000002 13.777711 32.897778
v -9.000002 13.777711 32.897778
v -10.000002 13.675209 32.855316
v -9.000002 13.675209 32.855316
v -10.000002 13.587188 32.787777
v -9.000002 13.587188 32.787777
v -10.000002 13.519648 32.699757
v -9.000002 13.519648 32.699757
v -10.000002 41.227188 32.597256
v -9.000002 41.227188 32.597256
v -10.000002 41.212708 32.487255
v -9.000002 41.212708 32.487255
v -10.000002 41.227188 32.377258
v -9.000002 41.227188 32.377258
v -10.000002 41.269650 32.274757
v -9.000002 41.269650 32.274757
v -10.000002 41.337189 32.186737
v -9.000002 41.337189 32.186737
v -10.000002 41.425209 32.119198
v -9.000002 41.425209 32.119198
v -10.000002 41.527710 32.076740
v -9.000002 41.527710 32.076740
v -10.000002 41.637711 32.062256
v -9.000002 41.637711 32.062256
v -10.000002 41.747707 32.076740
v -9.000002 41.747707 32.076740
v -10.000002 41.850208 32.119198
v -9.000002 41.850208 32.119198
v -10.000002 41.938229 32.186737
v -9.000002 41.938229 32.186737
v -10.000002 42.005768 32.274757
v -9.000002 42.005768 32.274757
v -10.000002 42.048225 32.377258
v -9.000002 42.048225 32.377258
v -10.000002 42.062710 32.487255
v -9.000002 42.062710 32.487255
v -10.000002 42.048225 32.597256
v -9.000002 42.048225 32.597256
v -10.000002 42.005768 32.699757
v -9.000002 42.005768 32.699757
v -10.000002 41.938229 32.787777
v -9.000002 41.938229 32.787777
v -10.000002 41.850208 32.855316
v -9.000002 41.850208 32.855316
v -10.000002 41.747707 32.897778
v -9.000002 41.747707 32.897778
v -10.000002 41.637711 32.912258
v -9.000002 41.637711 32.912258
v -10.000002 41.527710 32.897778
v -9.000002 41.527710 32.897778
v -10.000002 41.425209 32.855316
v -9.000002 41.425209 32.855316
v -10.000002 41.337189 32.787777
v -9.000002 41.337189 32.787777
v -10.000002 41.269650 32.699757
v -9.000002 41.269650 32.699757
v -10.000002 41.227188 53.097256
v -9.000002 41.227188 53.097256
v -10.000002 41.212708 52.987255
v -9.000002 41.212708 52.987255
v -10.000002 41.227188 52.877258
v -9.000002 41.227188 52.877258
v -10.000002 41.269650 52.774757
v -9.000002 41.269650 52.774757
v -10.000002 41.337189 52.686737
v -9.000002 41.337189 52.686737
v -10.000002 41.425209 52.619198
v -9.000002 41.425209 52.619198
v -10.000002 41.527710 52.576740
v -9.000002 41.527710 52.576740
v -10.000002 41.637711 52.562256
v -9.000002 41.637711 52.562256
v -10.000002 41.747707 52.576740
v -9.000002 41.747707 52.576740
v -10.000002 41.850208 52.619198
v -9.000002 41.850208 52.619198
v -10.000002 41.938229 52.686737
v -9.000002 41.938229 52.686737
v -10.000002 42.005768 52.774757
v -9.000002 42.005768 52.774757
v -10.000002 42.048225 52.877258
v -9.000002 42.048225 52.877258
v -10.000002 42.062710 52.987255
v -9.000002 42.062710 52.987255
v -10.000002 42.048225 53.097256
v -9.000002 42.048225 53.097256
v -10.000002 42.005768 53.199757
v -9.000002 42.005768 53.199757
v -10.000002 41.938229 53.287777
v -9.000002 41.938229 53.287777
v -10.000002 41.850208 53.355316
v -9.000002 41.850208 53.355316
v -10.000002 41.747707 53.397778
v -9.000002 41.747707 53.397778
v -10.000002 41.637711 53.412258
v -9.000002 41.637711 53.412258
v -10.000002 41.527710 53.397778
v -9.000002 41.527710 53.397778
v -10.000002 41.425209 53.355316
v -9.000002 41.425209 53.355316
v -10.000002 41.337189 53.287777
v -9.000002 41.337189 53.287777
v -10.000002 41.269650 53.199757
v -9.000002 41.269650 53.199757
v -10.000002 -0.397810 62.347256
v -9.000002 -0.397810 62.347256
v -10.000002 -0.412291 62.237255
v -9.000002 -0.412291 62.237255
v -10.000002 -0.397810 62.127258
v -9.000002 -0.397810 62.127258
v -10.000002 -0.355352 62.024757
v -9.000002 -0.355352 62.024757
v -10.000002 -0.287812 61.936737
v -9.000002 -0.287812 61.936737
v -10.000002 -0.199791 61.869198
v -9.000002 -0.199791 61.869198
v -10.000002 -0.097289 61.826740
v -9.000002 -0.097289 61.826740
v -10.000002 0.012709 61.812256
v -9.000002 0.012709 61.812256
v -10.000002 0.122707 61.826740
v -9.000002 0.122707 61.826740
v -10.000002 0.225209 61.869198
v -9.000002 0.225209 61.869198
v -10.000002 0.313229 61.936737
v -9.000002 0.313229 61.936737
v -10.000002 0.380769 62.024757
v -9.000002 0.380769 62.024757
v -10.000002 0.423227 62.127258
v -9.000002 0.423227 62.127258
v -10.000002 0.437709 62.237255
v -9.000002 0.437709 62.237255
v -10.000002 0.423227 62.347256
v -9.000002 0.423227 62.347256
v -10.000002 0.380769 62.449757
v -9.000002 0.380769 62.449757
v -10.000002 0.313229 62.537777
v -9.000002 0.313229 62.537777
v -10.000002 0.225209 62.605316
v -9.000002 0.225209 62.605316
v -10.000002 0.122707 62.647778
v -9.000002 0.122707 62.647778
v -10.000002 0.012709 62.662258
v -9.000002 0.012709 62.662258
v -10.000002 -0.097289 62.647778
v -9.000002 -0.097289 62.647778
v -10.000002 -0.199791 62.605316
v -9.000002 -0.199791 62.605316
v -10.000002 -0.287812 62.537777
v -9.000002 -0.287812 62.537777
v -10.000002 -0.355352 62.449757
v -9.000002 -0.355352 62.449757
v -10.000002 -0.397810 42.847256
v -9.000002 -0.397810 42.847256
v -10.000002 -0.412291 42.737255
v -9.000002 -0.412291 42.737255
v -10.000002 -0.397810 42.627258
v -9.000002 -0.397810 42.627258
v -10.000002 -0.355352 42.524757
v -9.000002 -0.355352 42.524757
v -10.000002 -0.287812 42.436737
v -9.000002 -0.287812 42.436737
v -10.000002 -0.199791 42.369198
v -9.000002 -0.199791 42.369198
v -10.000002 -0.097289 42.326740
v -9.000002 -0.097289 42.326740
v -10.000002 0.012709 42.312256
v -9.000002 0.012709 42.312256
v -10.000002 0.122707 42.326740
v -9.000002 0.122707 42.326740
v -10.000002 0.225209 42.369198
v -9.000002 0.225209 42.369198
v -10.000002 0.313229 42.436737
v -9.000002 0.313229 42.436737
v -10.000002 0.380769 42.524757
v -9.000002 0.380769 42.524757
v -10.000002 0.423227 42.627258
v -9.000002 0.423227 42.627258
v -10.000002 0.437709 42.737255
v -9.000002 0.437709 42.737255
v -10.000002 0.423227 42.847256
v -9.000002 0.423227 42.847256
v -10.000002 0.380769 42.949757
v -9.000002 0.380769 42.949757
v -10.000002 0.313229 43.037777
v -9.000002 0.313229 43.037777
v -10.000002 0.225209 43.105316
v -9.000002 0.225209 43.105316
v -10.000002 0.122707 43.147778
v -9.000002 0.122707 43.147778
v -10.000002 0.012709 43.162258
v -9.000002 0.012709 43.162258
v -10.000002 -0.097289 43.147778
v -9.000002 -0.097289 43.147778
v -10.000002 -0.199791 43.105316
v -9.000002 -0.199791 43.105316
v -10.000002 -0.287812 43.037777
v -9.000002 -0.287812 43.037777
v -10.000002 -0.355352 42.949757
v -9.000002 -0.355352 42.949757
v -10.000002 -0.397810 23.347256
v -9.000002 -0.397810 23.347256
v -10.000002 -0.412291 23.237257
v -9.000002 -0.412291 23.237257
v -10.000002 -0.397810 23.127258
v -9.000002 -0.397810 23.127258
v -10.000002 -0.355352 23.024757
v -9.000002 -0.355352 23.024757
v -10.000002 -0.287812 22.936737
v -9.000002 -0.287812 22.936737
v -10.000002 -0.199791 22.869196
v -9.000002 -0.199791 22.869196
v -10.000002 -0.097289 22.826738
v -9.000002 -0.097289 22.826738
v -10.000002 0.012709 22.812258
v -9.000002 0.012709 22.812258
v -10.000002 0.122707 22.826738
v -9.000002 0.122707 22.826738
v -10.000002 0.225209 22.869196
v -9.000002 0.225209 22.869196
v -10.000002 0.313229 22.936737
v -9.000002 0.313229 22.936737
v -10.000002 0.380769 23.024757
v -9.000002 0.380769 23.024757
v -10.000002 0.423227 23.127258
v -9.000002 0.423227 23.127258
v -10.000002 0.437709 23.237257
v -9.000002 0.437709 23.237257
v -10.000002 0.423227 23.347256
v -9.000002 0.423227 23.347256
v -10.000002 0.380769 23.449757
v -9.000002 0.380769 23.449757
v -10.000002 0.313229 23.537777
v -9.000002 0.313229 23.537777
v -10.000002 0.225209 23.605318
v -9.000002 0.225209 23.605318
v -10.000002 0.122707 23.647776
v -9.000002 0.122707 23.647776
v -10.000002 0.012709 23.662256
v -9.000002 0.012709 23.662256
v -10.000002 -0.097289 23.647776
v -9.000002 -0.097289 23.647776
v -10.000002 -0.199791 23.605318
v -9.000002 -0.199791 23.605318
v -10.000002 -0.287812 23.537777
v -9.000002 -0.287812 23.537777
v -10.000002 -0.355352 23.449757
v -9.000002 -0.355352 23.449757
v -10.000002 55.102188 23.347256
v -9.000002 55.102188 23.347256
v -10.000002 55.087708 23.237257
v -9.000002 55.087708 23.237257
v -10.000002 55.102188 23.127258
v -9.000002 55.102188 23.127258
v -10.000002 55.144650 23.024757
v -9.000002 55.144650 23.024757
v -10.000002 55.212189 22.936737
v -9.000002 55.212189 22.936737
v -10.000002 55.300209 22.869196
v -9.000002 55.300209 22.869196
v -10.000002 55.402710 22.826738
v -9.000002 55.402710 22.826738
v -10.000002 55.512711 22.812258
v -9.000002 55.512711 22.812258
v -10.000002 55.622707 22.826738
v -9.000002 55.622707 22.826738
v -10.000002 55.725208 22.869196
v -9.000002 55.725208 22.869196
v -10.000002 55.813229 22.936737
v -9.000002 55.813229 22.936737
v -10.000002 55.880768 23.024757
v -9.000002 55.880768 23.024757
v -10.000002 55.923225 23.127258
v -9.000002 55.923225 23.127258
v -10.000002 55.937710 23.237257
v -9.000002 55.937710 23.237257
v -10.000002 55.923225 23.347256
v -9.000002 55.923225 23.347256
v -10.000002 55.880768 23.449757
v -9.000002 55.880768 23.449757
v -10.000002 55.813229 23.537777
v -9.000002 55.813229 23.537777
v -10.000002 55.725208 23.605318
v -9.000002 55.725208 23.605318
v -10.000002 55.622707 23.647776
v -9.000002 55.622707 23.647776
v -10.000002 55.512711 23.662256
v -9.000002 55.512711 23.662256
v -10.000002 55.402710 23.647776
v -9.000002 55.402710 23.647776
v -10.000002 55.300209 23.605318
v -9.000002 55.300209 23.605318
v -10.000002 55.212189 23.537777
v -9.000002 55.212189 23.537777
v -10.000002 55.144650 23.449757
v -9.000002 55.144650 23.449757
v -10.000002 55.102188 42.847256
v -9.000002 55.102188 42.847256
v -10.000002 55.087708 42.737255
v -9.000002 55.087708 42.737255
v -10.000002 55.102188 42.627258
v -9.000002 55.102188 42.627258
v -10.000002 55.144650 42.524757
v -9.000002 55.144650 42.524757
v -10.000002 55.212189 42.436737
v -9.000002 55.212189 42.436737
v -10.000002 55.300209 42.369198
v -9.000002 55.300209 42.369198
v -10.000002 55.402710 42.326740
v -9.000002 55.402710 42.326740
v -10.000002 55.512711 42.312256
v -9.000002 55.512711 42.312256
v -10.000002 55.622707 42.326740
v -9.000002 55.622707 42.326740
v -10.000002 55.725208 42.369198
v -9.000002 55.725208 42.369198
v -10.000002 55.813229 42.436737
v -9.000002 55.813229 42.436737
v -10.000002 55.880768 42.524757
v -9.000002 55.880768 42.524757
v -10.000002 55.923225 42.627258
v -9.000002 55.923225 42.627258
v -10.000002 55.937710 42.737255
v -9.000002 55.937710 42.737255
v -10.000002 55.923225 42.847256
v -9.000002 55.923225 42.847256
v -10.000002 55.880768 42.949757
v -9.000002 55.880768 42.949757
v -10.000002 55.813229 43.037777
v -9.000002 55.813229 43.037777
v -10.000002 55.725208 43.105316
v -9.000002 55.725208 43.105316
v -10.000002 55.622707 43.147778
v -9.000002 55.622707 43.147778
v -10.000002 55.512711 43.162258
v -9.000002 55.512711 43.162258
v -10.000002 55.402710 43.147778
v -9.000002 55.402710 43.147778
v -10.000002 55.300209 43.105316
v -9.000002 55.300209 43.105316
v -10.000002 55.212189 43.037777
v -9.000002 55.212189 43.037777
v -10.000002 55.144650 42.949757
v -9.000002 55.144650 42.949757
v -10.000002 13.477190 53.097256
v -9.000002 13.477190 53.097256
v -10.000002 13.462709 52.987255
v -9.000002 13.462709 52.987255
v -10.000002 13.477190 52.877258
v -9.000002 13.477190 52.877258
v -10.000002 13.519648 52.774757
v -9.000002 13.519648 52.774757
v -10.000002 13.587188 52.686737
v -9.000002 13.587188 52.686737
v -10.000002 13.675209 52.619198
v -9.000002 13.675209 52.619198
v -10.000002 13.777711 52.576740
v -9.000002 13.777711 52.576740
v -10.000002 13.887709 52.562256
v -9.000002 13.887709 52.562256
v -10.000002 13.997707 52.576740
v -9.000002 13.997707 52.576740
v -10.000002 14.100209 52.619198
v -9.000002 14.100209 52.619198
v -10.000002 14.188229 52.686737
v -9.000002 14.188229 52.686737
v -10.000002 14.255769 52.774757
v -9.000002 14.255769 52.774757
v -10.000002 14.298227 52.877258
v -9.000002 14.298227 52.877258
v -10.000002 14.312709 52.987255
v -9.000002 14.312709 52.987255
v -10.000002 14.298227 53.097256
v -9.000002 14.298227 53.097256
v -10.000002 14.255769 53.199757
v -9.000002 14.255769 53.199757
v -10.000002 14.188229 53.287777
v -9.000002 14.188229 53.287777
v -10.000002 14.100209 53.355316
v -9.000002 14.100209 53.355316
v -10.000002 13.997707 53.397778
v -9.000002 13.997707 53.397778
v -10.000002 13.887709 53.412258
v -9.000002 13.887709 53.412258
v -10.000002 13.777711 53.397778
v -9.000002 13.777711 53.397778
v -10.000002 13.675209 53.355316
v -9.000002 13.675209 53.355316
v -10.000002 13.587188 53.287777
v -9.000002 13.587188 53.287777
v -10.000002 13.519648 53.199757
v -9.000002 13.519648 53.199757
v -10.000002 55.102188 62.347256
v -9.000002 55.102188 62.347256
v -10.000002 55.087708 62.237255
v -9.000002 55.087708 62.237255
v -10.000002 55.102188 62.127258
v -9.000002 55.102188 62.127258
v -10.000002 55.144650 62.024757
v -9.000002 55.144650 62.024757
v -10.000002 55.212189 61.936737
v -9.000002 55.212189 61.936737
v -10.000002 55.300209 61.869198
v -9.000002 55.300209 61.869198
v -10.000002 55.402710 61.826740
v -9.000002 55.402710 61.826740
v -10.000002 55.512711 61.812256
v -9.000002 55.512711 61.812256
v -10.000002 55.622707 61.826740
v -9.000002 55.622707 61.826740
v -10.000002 55.725208 61.869198
v -9.000002 55.725208 61.869198
v -10.000002 55.813229 61.936737
v -9.000002 55.813229 61.936737
v -10.000002 55.880768 62.024757
v -9.000002 55.880768 62.024757
v -10.000002 55.923225 62.127258
v -9.000002 55.923225 62.127258
v -10.000002 55.937710 62.237255
v -9.000002 55.937710 62.237255
v -10.000002 55.923225 62.347256
v -9.000002 55.923225 62.347256
v -10.000002 55.880768 62.449757
v -9.000002 55.880768 62.449757
v -10.000002 55.813229 62.537777
v -9.000002 55.813229 62.537777
v -10.000002 55.725208 62.605316
v -9.000002 55.725208 62.605316
v -10.000002 55.622707 62.647778
v -9.000002 55.622707 62.647778
v -10.000002 55.512711 62.662258
v -9.000002 55.512711 62.662258
v -10.000002 55.402710 62.647778
v -9.000002 55.402710 62.647778
v -10.000002 55.300209 62.605316
v -9.000002 55.300209 62.605316
v -10.000002 55.212189 62.537777
v -9.000002 55.212189 62.537777
v -10.000002 55.144650 62.449757
v -9.000002 55.144650 62.449757
v -9.000002 47.429375 65.237259
v -9.000002 37.596043 65.237259
v -9.000002 40.931076 53.987255
v -9.000002 47.762711 53.987255
v -9.000002 55.087708 53.987255
v -9.000002 57.762711 53.737255
v -9.000002 27.762709 65.237259
v -9.000002 27.762709 53.987255
v -9.000002 37.762711 53.987255
v -9.000002 17.929375 65.237259
v -9.000002 17.762709 53.987255
v -9.000002 17.762709 42.737255
v -9.000002 13.024613 53.987255
v -9.000002 8.096042 65.237259
v -9.000002 7.762709 53.987255
v -9.000002 -2.237291 53.737255
v -9.000002 -2.237291 42.737255
v -9.000002 -0.412291 53.987255
v -9.000002 -2.237291 31.737257
v -9.000002 8.096042 20.237257
v -9.000002 7.762709 31.487257
v -9.000002 -0.412291 31.487257
v -9.000002 17.929375 20.237257
v -9.000002 27.762709 20.237257
v -9.000002 27.762709 31.487257
v -9.000002 17.762709 31.487257
v -9.000002 13.462709 42.737255
v -9.000002 7.762709 42.737255
v -9.000002 37.596043 20.237257
v -9.000002 37.762711 31.487257
v -9.000002 37.762711 42.737255
v -9.000002 47.429375 20.237257
v -9.000002 57.762711 31.737257
v -9.000002 57.762711 42.737255
v -9.000002 47.762711 42.737255
v -9.000002 55.087708 31.487257
v -9.000002 47.762711 31.487257
v -9.000002 41.212708 42.737255
v -9.000002 27.762709 42.737255
v -10.000002 -2.237291 31.737257
v -10.000002 -2.237291 42.737255
v -10.000002 -0.412291 31.487257
v -10.000002 -2.237291 53.737255
v -10.000002 8.096042 65.237259
v -10.000002 7.762709 53.987255
v -10.000002 -0.412291 53.987255
v -10.000002 17.929375 65.237259
v -10.000002 27.762709 65.237259
v -10.000002 27.762709 53.987255
v -10.000002 17.762709 53.987255
v -10.000002 17.762709 42.737255
v -10.000002 13.462709 42.737255
v -10.000002 7.762709 42.737255
v -10.000002 37.596043 65.237259
v -10.000002 37.762711 53.987255
v -10.000002 37.762711 42.737255
v -10.000002 47.429375 65.237259
v -10.000002 57.762711 53.737255
v -10.000002 57.762711 42.737255
v -10.000002 57.762711 31.737257
v -10.000002 47.429375 20.237257
v -10.000002 47.762711 31.487257
v -10.000002 55.087708 31.487257
v -10.000002 40.931076 31.487257
v -10.000002 37.596043 20.237257
v -10.000002 37.762711 31.487257
v -10.000002 27.762709 31.487257
v -10.000002 27.762709 42.737255
v -10.000002 27.762709 20.237257
v -10.000002 17.929375 20.237257
v -10.000002 17.762709 31.487257
v -10.000002 13.024613 31.487257
v -10.000002 7.762709 31.487257
v -10.000002 8.096042 20.237257
v -10.000002 47.762711 53.987255
v -10.000002 55.087708 53.987255
v -10.000002 47.762711 42.737255
v -10.000002 41.212708 42.737255
f 603 604 605
f 605 604 606
f 605 606 607
f 607 606 608
f 607 608 609
f 609 608 610
f 609 610 611
f 611 610 612
f 611 612 613
f 613 612 614
f 613 614 615
f 615 614 616
f 617 618 619
f 619 618 620
f 619 620 621
f 621 620 622
f 621 622 623
f 623 622 624
f 623 624 625
f 625 624 626
f 625 626 627
f 627 626 628
f 627 628 629
f 629 628 630
f 631 632 633
f 633 632 634
f 633 634 635
f 635 634 636
f 635 636 637
f 637 636 638
f 637 638 639
f 639 638 640
f 639 640 641
f 641 640 642
f 641 642 643
f 643 642 644
f 645 646 647
f 647 646 648
f 647 648 649
f 649 648 650
f 649 650 651
f 651 650 652
f 651 652 653
f 653 652 654
f 653 654 655
f 655 654 656
f 655 656 657
f 657 656 658
f 659 660 661
f 661 660 662
f 661 662 663
f 663 662 664
f 663 664 665
f 665 664 666
f 665 666 667
f 667 666 668
f 667 668 669
f 669 668 670
f 669 670 671
f 671 670 672
f 671 672 673
f 673 672 674
f 673 674 675
f 675 674 676
f 675 676 677
f 677 676 678
f 677 678 679
f 679 678 680
f 679 680 681
f 681 680 682
f 681 682 683
f 683 682 684
f 683 684 685
f 685 684 686
f 685 686 687
f 687 686 688
f 687 688 689
f 689 688 690
f 689 690 691
f 691 690 692
f 691 692 693
f 693 692 694
f 693 694 695
f 695 694 696
f 695 696 697
f 697 696 698
f 697 698 699
f 699 698 700
f 699 700 701
f 701 700 702
f 701 702 703
f 703 702 704
f 703 704 705
f 705 704 706
f 705 706 659
f 659 706 660
f 707 708 709
f 709 708 710
f 709 710 711
f 711 710 712
f 711 712 713
f 713 712 714
f 713 714 715
f 715 714 716
f 715 716 717
f 717 716 718
f 717 718 719
f 719 718 720
f 719 720 721
f 721 720 722
f 721 722 723
f 723 722 724
f 723 724 725
f 725 724 726
f 725 726 727
f 727 726 728
f 727 728 729
f 729 728 730
f 729 730 731
f 731 730 732
f 731 732 733
f 733 732 734
f 733 734 735
f 735 734 736
f 735 736 737
f 737 736 738
f 737 738 739
f 739 738 740
f 739 740 741
f 741 740 742
f 741 742 743
f 743 742 744
f 743 744 745
f 745 744 746
f 745 746 747
f 747 746 748
f 747 748 749
f 749 748 750
f 749 750 751
f 751 750 752
f 751 752 753
f 753 752 754
f 753 754 707
f 707 754 708
f 755 756 757
f 757 756 758
f 757 758 759
f 759 758 760
f 759 760 761
f 761 760 762
f 761 762 763
f 763 762 764
f 763 764 765
f 765 764 766
f 765 766 767
f 767 766 768
f 767 768 769
f 769 768 770
f 769 770 771
f 771 770 772
f 771 772 773
f 773 772 774
f 773 774 775
f 775 774 776
f 775 776 777
f 777 776 778
f 777 778 779
f 779 778 780
f 779 780 781
f 781 780 782
f 781 782 783
f 783 782 784
f 783 784 785
f 785 784 786
f 785 786 787
f 787 786 788
f 787 788 789
f 789 788 790
f 789 790 791
f 791 790 792
f 791 792 793
f 793 792 794
f 793 794 795
f 795 794 796
f 795 796 797
f 797 796 798
f 797 798 799
f 799 798 800
f 799 800 801
f 801 800 802
f 801 802 755
f 755 802 756
f 803 804 805
f 805 804 806
f 805 806 807
f 807 806 808
f 807 808 809
f 809 808 810
f 809 810 811
f 811 810 812
f 811 812 813
f 813 812 814
f 813 814 815
f 815 814 816
f 815 816 817
f 817 816 818
f 817 818 819
f 819 818 820
f 819 820 821
f 821 820 822
f 821 822 823
f 823 822 824
f 823 824 825
f 825 824 826
f 825 826 827
f 827 826 828
f 827 828 829
f 829 828 830
f 829 830 831
f 831 830 832
f 831 832 833
f 833 832 834
f 833 834 835
f 835 834 836
f 835 836 837
f 837 836 838
f 837 838 839
f 839 838 840
f 839 840 841
f 841 840 842
f 841 842 843
f 843 842 844
f 843 844 845
f 845 844 846
f 845 846 847
f 847 846 848
f 847 848 849
f 849 848 850
f 849 850 803
f 803 850 804
f 851 852 853
f 853 852 854
f 853 854 855
f 855 854 856
f 855 856 857
f 857 856 858
f 857 858 859
f 859 858 860
f 859 860 861
f 861 860 862
f 861 862 863
f 863 862 864
f 863 864 865
f 865 864 866
f 865 866 867
f 867 866 868
f 867 868 869
f 869 868 870
f 869 870 871
f 871 870 872
f 871 872 873
f 873 872 874
f 873 874 875
f 875 874 876
f 875 876 877
f 877 876 878
f 877 878 879
f 879 878 880
f 879 880 881
f 881 880 882
f 881 882 883
f 883 882 884
f 883 884 885
f 885 884 886
f 885 886 887
f 887 886 888
f 887 888 889
f 889 888 890
f 889 890 891
f 891 890 892
f 891 892 893
f 893 892 894
f 893 894 895
f 895 894 896
f 895 896 897
f 897 896 898
f 897 898 851
f 851 898 852
f 899 900 901
f 901 900 902
f 901 902 903
f 903 902 904
f 903 904 905
f 905 904 906
f 905 906 907
f 907 906 908
f 907 908 909
f 909 908 910
f 909 910 911
f 911 910 912
f 911 912 913
f 913 912 914
f 913 914 915
f 915 914 916
f 915 916 917
f 917 916 918
f 917 918 919
f 919 918 920
f 919 920 921
f 921 920 922
f 921 922 923
f 923 922 924
f 923 924 925
f 925 924 926
f 925 926 927
f 927 926 928
f 927 928 929
f 929 928 930
f 929 930 931
f 931 930 932
f 931 932 933
f 933 932 934
f 933 934 935
f 935 934 936
f 935 936 937
f 937 936 938
f 937 938 939
f 939 938 940
f 939 940 941
f 941 940 942
f 941 942 943
f 943 942 944
f 943 944 945
f 945 944 946
f 945 946 899
f 899 946 900
f 947 948 949
f 949 948 950
f 949 950 951
f 951 950 952
f 951 952 953
f 953 952 954
f 953 954 955
f 955 954 956
f 955 956 957
f 957 956 958
f 957 958 959
f 959 958 960
f 959 960 961
f 961 960 962
f 961 962 963
f 963 962 964
f 963 964 965
f 965 964 966
f 965 966 967
f 967 966 968
f 967 968 969
f 969 968 970
f 969 970 971
f 971 970 972
f 971 972 973
f 973 972 974
f 973 974 975
f 975 974 976
f 975 976 977
f 977 976 978
f 977 978 979
f 979 978 980
f 979 980 981
f 981 980 982
f 981 982 983
f 983 982 984
f 983 984 985
f 985 984 986
f 985 986 987
f 987 986 988
f 987 988 989
f 989 988 990
f 989 990 991
f 991 990 992
f 991 992 993
f 993 992 994
f 993 994 947
f 947 994 948
f 995 996 997
f 997 996 998
f 997 998 999
f 999 998 1000
f 999 1000 1001
f 1001 1000 1002
f 1001 1002 1003
f 1003 1002 1004
f 1003 1004 1005
f 1005 1004 1006
f 1005 1006 1007
f 1007 1006 1008
f 1007 1008 1009
f 1009 1008 1010
f 1009 1010 1011
f 1011 1010 1012
f 1011 1012 1013
f 1013 1012 1014
f 1013 1014 1015
f 1015 1014 1016
f 1015 1016 1017
f 1017 1016 1018
f 1017 1018 1019
f 1019 1018 1020
f 1019 1020 1021
f 1021 1020 1022
f 1021 1022 1023
f 1023 1022 1024
f 1023 1024 1025
f 1025 1024 1026
f 1025 1026 1027
f 1027 1026 1028
f 1027 1028 1029
f 1029 1028 1030
f 1029 1030 1031
f 1031 1030 1032
f 1031 1032 1033
f 1033 1032 1034
f 1033 1034 1035
f 1035 1034 1036
f 1035 1036 1037
f 1037 1036 1038
f 1037 1038 1039
f 1039 1038 1040
f 1039 1040 1041
f 1041 1040 1042
f 1041 1042 995
f 995 1042 996
f 1043 1044 1045
f 1045 1044 1046
f 1045 1046 1047
f 1047 1046 1048
f 1047 1048 1049
f 1049 1048 1050
f 1049 1050 1051
f 1051 1050 1052
f 1051 1052 1053
f 1053 1052 1054
f 1053 1054 1055
f 1055 1054 1056
f 1055 1056 1057
f 1057 1056 1058
f 1057 1058 1059
f 1059 1058 1060
f 1059 1060 1061
f 1061 1060 1062
f 1061 1062 1063
f 1063 1062 1064
f 1063 1064 1065
f 1065 1064 1066
f 1065 1066 1067
f 1067 1066 1068
f 1067 1068 1069
f 1069 1068 1070
f 1069 1070 1071
f 1071 1070 1072
f 1071 1072 1073
f 1073 1072 1074
f 1073 1074 1075
f 1075 1074 1076
f 1075 1076 1077
f 1077 1076 1078
f 1077 1078 1079
f 1079 1078 1080
f 1079 1080 1081
f 1081 1080 1082
f 1081 1082 1083
f 1083 1082 1084
f 1083 1084 1085
f 1085 1084 1086
f 1085 1086 1087
f 1087 1086 1088
f 1087 1088 1089
f 1089 1088 1090
f 1089 1090 1043
f 1043 1090 1044
f 1091 1092 1093
f 1093 1092 1094
f 1093 1094 1095
f 1095 1094 1096
f 1095 1096 1097
f 1097 1096 1098
f 1097 1098 1099
f 1099 1098 1100
f 1099 1100 1101
f 1101 1100 1102
f 1101 1102 1103
f 1103 1102 1104
f 1103 1104 1105
f 1105 1104 1106
f 1105 1106 1107
f 1107 1106 1108
f 1107 1108 1109
f 1109 1108 1110
f 1109 1110 1111
f 1111 1110 1112
f 1111 1112 1113
f 1113 1112 1114
f 1113 1114 1115
f 1115 1114 1116
f 1115 1116 1117
f 1117 1116 1118
f 1117 1118 1119
f 1119 1118 1120
f 1119 1120 1121
f 1121 1120 1122
f 1121 1122 1123
f 1123 1122 1124
f 1123 1124 1125
f 1125 1124 1126
f 1125 1126 1127
f 1127 1126 1128
f 1127 1128 1129
f 1129 1128 1130
f 1129 1130 1131
f 1131 1130 1132
f 1131 1132 1133
f 1133 1132 1134
f 1133 1134 1135
f 1135 1134 1136
f 1135 1136 1137
f 1137 1136 1138
f 1137 1138 1091
f 1091 1138 1092
f 1139 1134 643
f 643 1134 1132
f 643 1132 1130
f 1140 1141 1139
f 1139 1141 1142
f 1139 1142 1096
f 1096 1142 1098
f 1098 1142 1100
f 1100 1142 1143
f 1100 1143 1102
f 1102 1143 1104
f 1104 1143 1106
f 1106 1143 1108
f 1108 1143 1144
f 1108 1144 1110
f 1110 1144 1112
f 1112 1144 1114
f 1114 1144 1116
f 1116 1144 631
f 1116 631 1118
f 1118 631 1120
f 1120 631 1122
f 1122 631 1124
f 1124 631 643
f 1124 643 1126
f 1126 643 1128
f 1128 643 1130
f 1145 1146 1140
f 1140 1146 1147
f 1140 1147 1141
f 1141 1147 758
f 1141 758 756
f 1145 1148 1146
f 1146 1148 1149
f 1146 1149 1150
f 1150 1149 1064
f 1150 1064 1062
f 1149 1148 1151
f 1151 1148 1152
f 1151 1152 1153
f 1153 1152 828
f 1153 828 826
f 645 838 1152
f 1152 838 836
f 1152 836 834
f 647 657 645
f 645 657 848
f 645 848 846
f 647 649 657
f 657 649 651
f 657 651 653
f 653 655 657
f 1154 808 657
f 657 808 806
f 657 806 804
f 1155 894 1154
f 1154 894 892
f 1154 892 1156
f 1156 892 890
f 1156 890 888
f 1157 862 1155
f 1155 862 860
f 1155 860 858
f 603 900 1157
f 1157 900 946
f 1157 946 944
f 605 607 603
f 603 607 609
f 603 609 611
f 611 613 603
f 603 613 615
f 603 615 908
f 908 615 910
f 910 615 912
f 912 615 914
f 914 615 916
f 916 615 918
f 918 615 1158
f 918 1158 920
f 920 1158 922
f 922 1158 924
f 924 1158 926
f 926 1158 928
f 928 1158 1159
f 928 1159 930
f 930 1159 932
f 932 1159 1160
f 932 1160 934
f 934 1160 936
f 936 1160 938
f 938 1160 940
f 940 1160 942
f 942 1160 1157
f 942 1157 944
f 1161 672 1158
f 1158 672 670
f 1158 670 1159
f 1159 670 668
f 1159 668 666
f 1162 1163 1161
f 1161 1163 1164
f 1161 1164 676
f 676 1164 678
f 678 1164 680
f 680 1164 682
f 682 1164 684
f 684 1164 686
f 686 1164 688
f 688 1164 690
f 690 1164 692
f 692 1164 1150
f 692 1150 694
f 694 1150 696
f 696 1150 1165
f 696 1165 698
f 698 1165 700
f 700 1165 702
f 702 1165 704
f 704 1165 1166
f 704 1166 1159
f 1159 1166 872
f 1159 872 870
f 1162 1167 1163
f 1163 1167 1168
f 1163 1168 1169
f 1169 1168 752
f 1169 752 750
f 1170 724 1167
f 1167 724 722
f 1167 722 720
f 617 958 1170
f 1170 958 956
f 1170 956 954
f 619 629 617
f 617 629 968
f 617 968 966
f 619 621 629
f 629 621 623
f 629 623 625
f 625 627 629
f 1171 976 629
f 629 976 974
f 629 974 972
f 1172 1014 1171
f 1171 1014 1012
f 1171 1012 1010
f 1144 1030 1172
f 1172 1030 1028
f 1172 1028 1026
f 633 635 631
f 631 635 637
f 631 637 639
f 639 641 631
f 631 641 643
f 1096 1094 1139
f 1139 1094 1092
f 1139 1092 1138
f 1138 1136 1139
f 1139 1136 1134
f 1048 1046 1151
f 1151 1046 1044
f 1151 1044 1090
f 1090 1088 1151
f 1151 1088 1086
f 1151 1086 1084
f 1084 1082 1151
f 1151 1082 1080
f 1151 1080 1149
f 1149 1080 1078
f 1149 1078 1076
f 1076 1074 1149
f 1149 1074 1072
f 1149 1072 1070
f 1070 1068 1149
f 1149 1068 1066
f 1149 1066 1064
f 1062 1060 1150
f 1150 1060 1165
f 1060 1058 1165
f 1165 1058 1056
f 1165 1056 1054
f 1054 1052 1165
f 1165 1052 1166
f 1166 1052 1153
f 1153 1052 1050
f 1153 1050 1048
f 1153 1048 1151
f 1000 998 1173
f 1173 998 996
f 1173 996 1042
f 1042 1040 1173
f 1173 1040 1142
f 1173 1142 776
f 776 1142 778
f 778 1142 780
f 780 1142 782
f 782 1142 784
f 784 1142 786
f 786 1142 788
f 788 1142 790
f 790 1142 1141
f 790 1141 792
f 792 1141 794
f 794 1141 796
f 796 1141 798
f 798 1141 800
f 800 1141 802
f 802 1141 756
f 1142 1040 1143
f 1143 1040 1038
f 1143 1038 1036
f 1036 1034 1143
f 1143 1034 1144
f 1034 1032 1144
f 1144 1032 1030
f 1026 1024 1172
f 1172 1024 1022
f 1172 1022 1020
f 1020 1018 1172
f 1172 1018 1016
f 1172 1016 1014
f 1171 1010 1174
f 1174 1010 1008
f 1174 1008 1006
f 1006 1004 1174
f 1174 1004 1175
f 1174 1175 992
f 992 1175 994
f 994 1175 948
f 948 1175 1170
f 948 1170 950
f 950 1170 952
f 952 1170 954
f 1175 1004 1173
f 1173 1004 1002
f 1173 1002 1000
f 992 990 1174
f 1174 990 988
f 1174 988 986
f 986 984 1174
f 1174 984 1171
f 984 982 1171
f 1171 982 980
f 1171 980 978
f 978 976 1171
f 972 970 629
f 629 970 968
f 966 964 617
f 617 964 962
f 617 962 960
f 960 958 617
f 904 902 603
f 603 902 900
f 908 906 603
f 603 906 904
f 856 854 1155
f 1155 854 852
f 1155 852 898
f 898 896 1155
f 1155 896 894
f 888 886 1156
f 1156 886 1153
f 1156 1153 824
f 824 1153 826
f 886 884 1153
f 1153 884 1166
f 884 882 1166
f 1166 882 880
f 1166 880 878
f 878 876 1166
f 1166 876 874
f 1166 874 872
f 1159 870 1160
f 1160 870 868
f 1160 868 866
f 866 864 1160
f 1160 864 1157
f 864 862 1157
f 858 856 1155
f 804 850 657
f 657 850 848
f 846 844 645
f 645 844 842
f 645 842 840
f 840 838 645
f 834 832 1152
f 1152 832 830
f 1152 830 828
f 824 822 1156
f 1156 822 820
f 1156 820 818
f 818 816 1156
f 1156 816 814
f 1156 814 1154
f 1154 814 812
f 1154 812 810
f 810 808 1154
f 776 774 1173
f 1173 774 1176
f 1173 1176 742
f 742 1176 744
f 744 1176 746
f 746 1176 748
f 748 1176 750
f 750 1176 1169
f 774 772 1176
f 1176 772 770
f 1176 770 768
f 768 766 1176
f 1176 766 1169
f 766 764 1169
f 1169 764 1147
f 1169 1147 1177
f 1177 1147 1146
f 1177 1146 1150
f 764 762 1147
f 1147 762 760
f 1147 760 758
f 712 710 1168
f 1168 710 708
f 1168 708 754
f 754 752 1168
f 742 740 1173
f 1173 740 1175
f 740 738 1175
f 1175 738 736
f 1175 736 734
f 734 732 1175
f 1175 732 730
f 1175 730 728
f 728 726 1175
f 1175 726 1170
f 726 724 1170
f 1167 720 1168
f 1168 720 718
f 1168 718 716
f 716 714 1168
f 1168 714 712
f 664 662 1159
f 1159 662 660
f 1159 660 706
f 706 704 1159
f 676 674 1161
f 1161 674 672
f 666 664 1159
f 1163 1169 1177
f 1164 1163 1177
f 1164 1177 1150
f 1178 899 604
f 604 899 901
f 604 901 903
f 1179 861 1178
f 1178 861 863
f 1178 863 1180
f 1180 863 865
f 1180 865 867
f 1181 893 1179
f 1179 893 895
f 1179 895 897
f 658 807 1181
f 1181 807 809
f 1181 809 811
f 656 654 658
f 658 654 652
f 658 652 650
f 650 648 658
f 658 648 646
f 658 646 847
f 847 646 845
f 845 646 843
f 843 646 841
f 841 646 839
f 839 646 837
f 837 646 1182
f 837 1182 835
f 835 1182 833
f 833 1182 831
f 831 1182 829
f 829 1182 827
f 827 1182 1183
f 827 1183 825
f 825 1183 823
f 823 1183 1184
f 823 1184 821
f 821 1184 819
f 819 1184 817
f 817 1184 815
f 815 1184 813
f 813 1184 1181
f 813 1181 811
f 1185 1083 1182
f 1182 1083 1085
f 1182 1085 1183
f 1183 1085 1087
f 1183 1087 1089
f 1186 1187 1185
f 1185 1187 1188
f 1185 1188 1079
f 1079 1188 1077
f 1077 1188 1075
f 1075 1188 1073
f 1073 1188 1071
f 1071 1188 1069
f 1069 1188 1067
f 1067 1188 1065
f 1065 1188 1063
f 1063 1188 1189
f 1063 1189 1061
f 1061 1189 1059
f 1059 1189 1190
f 1059 1190 1057
f 1057 1190 1055
f 1055 1190 1053
f 1053 1190 1051
f 1051 1190 1191
f 1051 1191 1183
f 1183 1191 883
f 1183 883 885
f 1186 1192 1187
f 1187 1192 1193
f 1187 1193 1194
f 1194 1193 763
f 1194 763 765
f 1195 791 1192
f 1192 791 793
f 1192 793 795
f 644 1133 1195
f 1195 1133 1135
f 1195 1135 1137
f 642 632 644
f 644 632 1123
f 644 1123 1125
f 642 640 632
f 632 640 638
f 632 638 636
f 636 634 632
f 1196 1115 632
f 632 1115 1117
f 632 1117 1119
f 1197 1029 1196
f 1196 1029 1031
f 1196 1031 1033
f 1198 1013 1197
f 1197 1013 1015
f 1197 1015 1017
f 630 975 1198
f 1198 975 977
f 1198 977 979
f 628 626 630
f 630 626 624
f 630 624 622
f 622 620 630
f 630 620 618
f 630 618 967
f 967 618 965
f 965 618 963
f 963 618 961
f 961 618 959
f 959 618 957
f 957 618 1199
f 957 1199 955
f 955 1199 953
f 953 1199 951
f 951 1199 949
f 949 1199 947
f 947 1199 1200
f 947 1200 993
f 993 1200 991
f 991 1200 1201
f 991 1201 989
f 989 1201 987
f 987 1201 985
f 985 1201 983
f 983 1201 1198
f 983 1198 981
f 981 1198 979
f 1200 1199 1202
f 1202 1199 1203
f 1202 1203 1204
f 1204 1203 1205
f 1204 1205 1206
f 1206 1205 1189
f 1206 1189 1188
f 1203 1207 1205
f 1205 1207 1208
f 1205 1208 1209
f 1209 1208 1210
f 1209 1210 675
f 675 1210 673
f 673 1210 671
f 671 1210 669
f 669 1210 667
f 667 1210 665
f 665 1210 663
f 663 1210 661
f 661 1210 659
f 659 1210 1211
f 659 1211 705
f 705 1211 703
f 703 1211 1191
f 703 1191 1190
f 1208 1212 1210
f 1210 1212 1211
f 616 917 1212
f 1212 917 919
f 1212 919 921
f 614 604 616
f 616 604 907
f 616 907 909
f 614 612 604
f 604 612 610
f 604 610 608
f 608 606 604
f 1091 1093 1195
f 1195 1093 1095
f 1195 1095 1213
f 1213 1095 1097
f 1213 1097 1099
f 1213 1099 1214
f 1214 1099 1101
f 1214 1101 1103
f 1103 1105 1214
f 1214 1105 1107
f 1214 1107 1196
f 1196 1107 1109
f 1196 1109 1111
f 1111 1113 1196
f 1196 1113 1115
f 1119 1121 632
f 632 1121 1123
f 1125 1127 644
f 644 1127 1129
f 644 1129 1131
f 1131 1133 644
f 1137 1091 1195
f 1043 1045 1183
f 1183 1045 1047
f 1183 1047 1049
f 1049 1051 1183
f 1079 1081 1185
f 1185 1081 1083
f 1089 1043 1183
f 995 997 1215
f 1215 997 999
f 1215 999 1001
f 1001 1003 1215
f 1215 1003 1200
f 1215 1200 739
f 739 1200 737
f 737 1200 735
f 735 1200 733
f 733 1200 731
f 731 1200 729
f 729 1200 727
f 727 1200 725
f 725 1200 1202
f 725 1202 723
f 723 1202 721
f 721 1202 719
f 719 1202 717
f 717 1202 715
f 715 1202 713
f 713 1202 711
f 711 1202 709
f 709 1202 1204
f 709 1204 707
f 707 1204 753
f 753 1204 751
f 751 1204 1194
f 751 1194 749
f 749 1194 1216
f 749 1216 747
f 747 1216 745
f 745 1216 743
f 743 1216 741
f 741 1216 1215
f 741 1215 739
f 1200 1003 1201
f 1201 1003 1005
f 1201 1005 1007
f 1007 1009 1201
f 1201 1009 1198
f 1009 1011 1198
f 1198 1011 1013
f 1017 1019 1197
f 1197 1019 1021
f 1197 1021 1023
f 1023 1025 1197
f 1197 1025 1027
f 1197 1027 1029
f 1196 1033 1214
f 1214 1033 1035
f 1214 1035 1037
f 1037 1039 1214
f 1214 1039 1213
f 1213 1039 1215
f 1215 1039 1041
f 1215 1041 995
f 967 969 630
f 630 969 971
f 630 971 973
f 973 975 630
f 903 905 604
f 604 905 907
f 909 911 616
f 616 911 913
f 616 913 915
f 915 917 616
f 921 923 1212
f 1212 923 925
f 1212 925 927
f 1212 927 1211
f 1211 927 929
f 1211 929 931
f 1211 931 1180
f 1180 931 933
f 1180 933 935
f 935 937 1180
f 1180 937 939
f 1180 939 941
f 1180 941 1178
f 1178 941 943
f 1178 943 945
f 945 899 1178
f 851 853 1179
f 1179 853 855
f 1179 855 857
f 857 859 1179
f 1179 859 861
f 867 869 1180
f 1180 869 1211
f 869 871 1211
f 1211 871 1191
f 871 873 1191
f 1191 873 875
f 1191 875 877
f 877 879 1191
f 1191 879 881
f 1191 881 883
f 1183 885 1184
f 1184 885 887
f 1184 887 889
f 889 891 1184
f 1184 891 1181
f 891 893 1181
f 897 851 1179
f 803 805 658
f 658 805 807
f 847 849 658
f 658 849 803
f 755 757 1193
f 1193 757 759
f 1193 759 761
f 761 763 1193
f 1194 765 1216
f 1216 765 767
f 1216 767 769
f 769 771 1216
f 1216 771 773
f 1216 773 1215
f 1215 773 775
f 1215 775 1213
f 1213 775 777
f 1213 777 779
f 779 781 1213
f 1213 781 783
f 1213 783 785
f 785 787 1213
f 1213 787 789
f 1213 789 1195
f 1195 789 791
f 1192 795 1193
f 1193 795 797
f 1193 797 799
f 799 801 1193
f 1193 801 755
f 675 677 1209
f 1209 677 679
f 1209 679 681
f 681 683 1209
f 1209 683 685
f 1209 685 687
f 687 689 1209
f 1209 689 691
f 1209 691 1189
f 1189 691 693
f 1189 693 695
f 1189 695 1190
f 1190 695 697
f 1190 697 699
f 699 701 1190
f 1190 701 703
f 1205 1209 1189
f 1188 1187 1206
f 1206 1187 1194
f 1206 1194 1204
f 643 644 1139
f 1139 644 1195
f 1139 1195 1140
f 1140 1195 1192
f 1140 1192 1145
f 1145 1192 1186
f 1145 1186 1148
f 1148 1186 1185
f 1148 1185 1152
f 1152 1185 1182
f 1152 1182 645
f 645 1182 646
f 604 603 1178
f 1178 603 1157
f 1178 1157 1179
f 1179 1157 1155
f 1179 1155 1181
f 1181 1155 1154
f 1181 1154 658
f 658 1154 657
f 616 1212 615
f 615 1212 1158
f 1158 1212 1208
f 1158 1208 1161
f 1161 1208 1207
f 1161 1207 1162
f 1162 1207 1203
f 1162 1203 1167
f 1167 1203 1199
f 1167 1199 1170
f 1170 1199 618
f 1170 618 617
f 630 1198 629
f 629 1198 1171
f 1171 1198 1197
f 1171 1197 1172
f 1172 1197 1196
f 1172 1196 1144
f 1144 1196 632
f 1144 632 631
g 15

v -9.000002 20.562710 20.037294
v -10.000002 20.562710 20.037294
v -9.000002 20.433298 20.020258
v -10.000002 20.433298 20.020258
v -9.000002 20.312710 19.970308
v -10.000002 20.312710 19.970308
v -9.000002 20.209154 19.890848
v -10.000002 20.209154 19.890848
v -9.000002 20.129696 19.787294
v -10.000002 20.129696 19.787294
v -9.000002 20.079746 19.666704
v -10.000002 20.079746 19.666704
v -9.000002 20.062710 19.537294
v -10.000002 20.062710 19.537294
v -9.000002 20.062710 -1.462705
v -10.000002 20.062710 -1.462705
v -9.000002 20.079746 -1.592114
v -10.000002 20.079746 -1.592114
v -9.000002 20.129696 -1.712705
v -10.000002 20.129696 -1.712705
v -9.000002 20.209154 -1.816258
v -10.000002 20.209154 -1.816258
v -9.000002 20.312710 -1.895717
v -10.000002 20.312710 -1.895717
v -9.000002 20.433298 -1.945667
v -10.000002 20.433298 -1.945667
v -9.000002 20.562710 -1.962705
v -10.000002 20.562710 -1.962705
v -9.000002 57.262711 -1.962705
v -10.000002 57.262711 -1.962705
v -9.000002 57.392117 -1.945667
v -10.000002 57.392117 -1.945667
v -9.000002 57.512711 -1.895717
v -10.000002 57.512711 -1.895717
v -9.000002 57.616261 -1.816258
v -10.000002 57.616261 -1.816258
v -9.000002 57.695721 -1.712705
v -10.000002 57.695721 -1.712705
v -9.000002 57.745670 -1.592114
v -10.000002 57.745670 -1.592114
v -9.000002 57.762711 -1.462705
v -10.000002 57.762711 -1.462705
v -9.000002 57.762711 19.537294
v -10.000002 57.762711 19.537294
v -9.000002 57.745670 19.666704
v -10.000002 57.745670 19.666704
v -9.000002 57.695721 19.787294
v -10.000002 57.695721 19.787294
v -9.000002 57.616261 19.890848
v -10.000002 57.616261 19.890848
v -9.000002 57.512711 19.970308
v -10.000002 57.512711 19.970308
v -9.000002 57.392117 20.020258
v -10.000002 57.392117 20.020258
v -9.000002 57.262711 20.037294
v -10.000002 57.262711 20.037294
v -9.000002 54.173225 0.147294
v -10.000002 54.173225 0.147294
v -9.000002 54.187710 0.037295
v -10.000002 54.187710 0.037295
v -9.000002 54.173225 -0.072703
v -10.000002 54.173225 -0.072703
v -9.000002 54.130768 -0.175205
v -10.000002 54.130768 -0.175205
v -9.000002 54.063229 -0.263225
v -10.000002 54.063229 -0.263225
v -9.000002 53.975208 -0.330765
v -10.000002 53.975208 -0.330765
v -9.000002 53.872707 -0.373223
v -10.000002 53.872707 -0.373223
v -9.000002 53.762711 -0.387705
v -10.000002 53.762711 -0.387705
v -9.000002 53.652710 -0.373223
v -10.000002 53.652710 -0.373223
v -9.000002 53.550209 -0.330765
v -10.000002 53.550209 -0.330765
v -9.000002 53.462189 -0.263225
v -10.000002 53.462189 -0.263225
v -9.000002 53.394650 -0.175205
v -10.000002 53.394650 -0.175205
v -9.000002 53.352188 -0.072703
v -10.000002 53.352188 -0.072703
v -9.000002 53.337708 0.037295
v -10.000002 53.337708 0.037295
v -9.000002 53.352188 0.147294
v -10.000002 53.352188 0.147294
v -9.000002 53.394650 0.249795
v -10.000002 53.394650 0.249795
v -9.000002 53.462189 0.337816
v -10.000002 53.462189 0.337816
v -9.000002 53.550209 0.405356
v -10.000002 53.550209 0.405356
v -9.000002 53.652710 0.447814
v -10.000002 53.652710 0.447814
v -9.000002 53.762711 0.462295
v -10.000002 53.762711 0.462295
v -9.000002 53.872707 0.447814
v -10.000002 53.872707 0.447814
v -9.000002 53.975208 0.405356
v -10.000002 53.975208 0.405356
v -9.000002 54.063229 0.337816
v -10.000002 54.063229 0.337816
v -9.000002 54.130768 0.249795
v -10.000002 54.130768 0.249795
v -9.000002 39.323227 0.147294
v -10.000002 39.323227 0.147294
v -9.000002 39.337708 0.037295
v -10.000002 39.337708 0.037295
v -9.000002 39.323227 -0.072703
v -10.000002 39.323227 -0.072703
v -9.000002 39.280769 -0.175205
v -10.000002 39.280769 -0.175205
v -9.000002 39.213230 -0.263225
v -10.000002 39.213230 -0.263225
v -9.000002 39.125210 -0.330765
v -10.000002 39.125210 -0.330765
v -9.000002 39.022709 -0.373223
v -10.000002 39.022709 -0.373223
v -9.000002 38.912708 -0.387705
v -10.000002 38.912708 -0.387705
v -9.000002 38.802711 -0.373223
v -10.000002 38.802711 -0.373223
v -9.000002 38.700211 -0.330765
v -10.000002 38.700211 -0.330765
v -9.000002 38.612186 -0.263225
v -10.000002 38.612186 -0.263225
v -9.000002 38.544647 -0.175205
v -10.000002 38.544647 -0.175205
v -9.000002 38.502190 -0.072703
v -10.000002 38.502190 -0.072703
v -9.000002 38.487709 0.037295
v -10.000002 38.487709 0.037295
v -9.000002 38.502190 0.147294
v -10.000002 38.502190 0.147294
v -9.000002 38.544647 0.249795
v -10.000002 38.544647 0.249795
v -9.000002 38.612186 0.337816
v -10.000002 38.612186 0.337816
v -9.000002 38.700211 0.405356
v -10.000002 38.700211 0.405356
v -9.000002 38.802711 0.447814
v -10.000002 38.802711 0.447814
v -9.000002 38.912708 0.462295
v -10.000002 38.912708 0.462295
v -9.000002 39.022709 0.447814
v -10.000002 39.022709 0.447814
v -9.000002 39.125210 0.405356
v -10.000002 39.125210 0.405356
v -9.000002 39.213230 0.337816
v -10.000002 39.213230 0.337816
v -9.000002 39.280769 0.249795
v -10.000002 39.280769 0.249795
v -9.000002 24.473227 0.147294
v -10.000002 24.473227 0.147294
v -9.000002 24.487709 0.037295
v -10.000002 24.487709 0.037295
v -9.000002 24.473227 -0.072703
v -10.000002 24.473227 -0.072703
v -9.000002 24.430769 -0.175205
v -10.000002 24.430769 -0.175205
v -9.000002 24.363230 -0.263225
v -10.000002 24.363230 -0.263225
v -9.000002 24.275209 -0.330765
v -10.000002 24.275209 -0.330765
v -9.000002 24.172707 -0.373223
v -10.000002 24.172707 -0.373223
v -9.000002 24.062710 -0.387705
v -10.000002 24.062710 -0.387705
v -9.000002 23.952711 -0.373223
v -10.000002 23.952711 -0.373223
v -9.000002 23.850208 -0.330765
v -10.000002 23.850208 -0.330765
v -9.000002 23.762188 -0.263225
v -10.000002 23.762188 -0.263225
v -9.000002 23.694649 -0.175205
v -10.000002 23.694649 -0.175205
v -9.000002 23.652189 -0.072703
v -10.000002 23.652189 -0.072703
v -9.000002 23.637709 0.037295
v -10.000002 23.637709 0.037295
v -9.000002 23.652189 0.147294
v -10.000002 23.652189 0.147294
v -9.000002 23.694649 0.249795
v -10.000002 23.694649 0.249795
v -9.000002 23.762188 0.337816
v -10.000002 23.762188 0.337816
v -9.000002 23.850208 0.405356
v -10.000002 23.850208 0.405356
v -9.000002 23.952711 0.447814
v -10.000002 23.952711 0.447814
v -9.000002 24.062710 0.462295
v -10.000002 24.062710 0.462295
v -9.000002 24.172707 0.447814
v -10.000002 24.172707 0.447814
v -9.000002 24.275209 0.405356
v -10.000002 24.275209 0.405356
v -9.000002 24.363230 0.337816
v -10.000002 24.363230 0.337816
v -9.000002 24.430769 0.249795
v -10.000002 24.430769 0.249795
v -9.000002 24.473227 18.147293
v -10.000002 24.473227 18.147293
v -9.000002 24.487709 18.037294
v -10.000002 24.487709 18.037294
v -9.000002 24.473227 17.927298
v -10.000002 24.473227 17.927298
v -9.000002 24.430769 17.824795
v -10.000002 24.430769 17.824795
v -9.000002 24.363230 17.736774
v -10.000002 24.363230 17.736774
v -9.000002 24.275209 17.669235
v -10.000002 24.275209 17.669235
v -9.000002 24.172707 17.626778
v -10.000002 24.172707 17.626778
v -9.000002 24.062710 17.612295
v -10.000002 24.062710 17.612295
v -9.000002 23.952711 17.626778
v -10.000002 23.952711 17.626778
v -9.000002 23.850208 17.669235
v -10.000002 23.850208 17.669235
v -9.000002 23.762188 17.736774
v -10.000002 23.762188 17.736774
v -9.000002 23.694649 17.824795
v -10.000002 23.694649 17.824795
v -9.000002 23.652189 17.927298
v -10.000002 23.652189 17.927298
v -9.000002 23.637709 18.037294
v -10.000002 23.637709 18.037294
v -9.000002 23.652189 18.147293
v -10.000002 23.652189 18.147293
v -9.000002 23.694649 18.249796
v -10.000002 23.694649 18.249796
v -9.000002 23.762188 18.337816
v -10.000002 23.762188 18.337816
v -9.000002 23.850208 18.405355
v -10.000002 23.850208 18.405355
v -9.000002 23.952711 18.447815
v -10.000002 23.952711 18.447815
v -9.000002 24.062710 18.462296
v -10.000002 24.062710 18.462296
v -9.000002 24.172707 18.447815
v -10.000002 24.172707 18.447815
v -9.000002 24.275209 18.405355
v -10.000002 24.275209 18.405355
v -9.000002 24.363230 18.337816
v -10.000002 24.363230 18.337816
v -9.000002 24.430769 18.249796
v -10.000002 24.430769 18.249796
v -9.000002 39.323227 18.147293
v -10.000002 39.323227 18.147293
v -9.000002 39.337708 18.037294
v -10.000002 39.337708 18.037294
v -9.000002 39.323227 17.927298
v -10.000002 39.323227 17.927298
v -9.000002 39.280769 17.824795
v -10.000002 39.280769 17.824795
v -9.000002 39.213230 17.736774
v -10.000002 39.213230 17.736774
v -9.000002 39.125210 17.669235
v -10.000002 39.125210 17.669235
v -9.000002 39.022709 17.626778
v -10.000002 39.022709 17.626778
v -9.000002 38.912708 17.612295
v -10.000002 38.912708 17.612295
v -9.000002 38.802711 17.626778
v -10.000002 38.802711 17.626778
v -9.000002 38.700211 17.669235
v -10.000002 38.700211 17.669235
v -9.000002 38.612186 17.736774
v -10.000002 38.612186 17.736774
v -9.000002 38.544647 17.824795
v -10.000002 38.544647 17.824795
v -9.000002 38.502190 17.927298
v -10.000002 38.502190 17.927298
v -9.000002 38.487709 18.037294
v -10.000002 38.487709 18.037294
v -9.000002 38.502190 18.147293
v -10.000002 38.502190 18.147293
v -9.000002 38.544647 18.249796
v -10.000002 38.544647 18.249796
v -9.000002 38.612186 18.337816
v -10.000002 38.612186 18.337816
v -9.000002 38.700211 18.405355
v -10.000002 38.700211 18.405355
v -9.000002 38.802711 18.447815
v -10.000002 38.802711 18.447815
v -9.000002 38.912708 18.462296
v -10.000002 38.912708 18.462296
v -9.000002 39.022709 18.447815
v -10.000002 39.022709 18.447815
v -9.000002 39.125210 18.405355
v -10.000002 39.125210 18.405355
v -9.000002 39.213230 18.337816
v -10.000002 39.213230 18.337816
v -9.000002 39.280769 18.249796
v -10.000002 39.280769 18.249796
v -9.000002 54.173225 18.147293
v -10.000002 54.173225 18.147293
v -9.000002 54.187710 18.037294
v -10.000002 54.187710 18.037294
v -9.000002 54.173225 17.927298
v -10.000002 54.173225 17.927298
v -9.000002 54.130768 17.824795
v -10.000002 54.130768 17.824795
v -9.000002 54.063229 17.736774
v -10.000002 54.063229 17.736774
v -9.000002 53.975208 17.669235
v -10.000002 53.975208 17.669235
v -9.000002 53.872707 17.626778
v -10.000002 53.872707 17.626778
v -9.000002 53.762711 17.612295
v -10.000002 53.762711 17.612295
v -9.000002 53.652710 17.626778
v -10.000002 53.652710 17.626778
v -9.000002 53.550209 17.669235
v -10.000002 53.550209 17.669235
v -9.000002 53.462189 17.736774
v -10.000002 53.462189 17.736774
v -9.000002 53.394650 17.824795
v -10.000002 53.394650 17.824795
v -9.000002 53.352188 17.927298
v -10.000002 53.352188 17.927298
v -9.000002 53.337708 18.037294
v -10.000002 53.337708 18.037294
v -9.000002 53.352188 18.147293
v -10.000002 53.352188 18.147293
v -9.000002 53.394650 18.249796
v -10.000002 53.394650 18.249796
v -9.000002 53.462189 18.337816
v -10.000002 53.462189 18.337816
v -9.000002 53.550209 18.405355
v -10.000002 53.550209 18.405355
v -9.000002 53.652710 18.447815
v -10.000002 53.652710 18.447815
v -9.000002 53.762711 18.462296
v -10.000002 53.762711 18.462296
v -9.000002 53.872707 18.447815
v -10.000002 53.872707 18.447815
v -9.000002 53.975208 18.405355
v -10.000002 53.975208 18.405355
v -9.000002 54.063229 18.337816
v -10.000002 54.063229 18.337816
v -9.000002 54.130768 18.249796
v -10.000002 54.130768 18.249796
v -10.000002 29.737709 20.037294
v -9.000002 29.737709 20.037294
v -10.000002 38.912708 20.037294
v -9.000002 38.912708 20.037294
v -10.000002 48.087708 20.037294
v -9.000002 48.087708 20.037294
v -9.000002 20.062710 9.037295
v -10.000002 20.062710 9.037295
v -10.000002 29.737709 -1.962705
v -9.000002 29.737709 -1.962705
v -10.000002 38.912708 -1.962705
v -9.000002 38.912708 -1.962705
v -10.000002 48.087708 -1.962705
v -9.000002 48.087708 -1.962705
v -10.000002 57.762711 9.037295
v -9.000002 57.762711 9.037295
v -9.000002 48.337708 9.037295
v -9.000002 53.337708 9.037295
v -9.000002 29.487709 9.037295
v -9.000002 23.637709 9.037295
v -9.000002 38.912708 9.037295
v -9.000002 38.487709 9.037295
v -10.000002 48.337708 9.037295
v -10.000002 53.337708 9.037295
v -10.000002 38.912708 9.037295
v -10.000002 38.487709 9.037295
v -10.000002 29.487709 9.037295
v -10.000002 23.637709 9.037295
f 1217 1218 1219
f 1219 1218 1220
f 1219 1220 1221
f 1221 1220 1222
f 1221 1222 1223
f 1223 1222 1224
f 1223 1224 1225
f 1225 1224 1226
f 1225 1226 1227
f 1227 1226 1228
f 1227 1228 1229
f 1229 1228 1230
f 1231 1232 1233
f 1233 1232 1234
f 1233 1234 1235
f 1235 1234 1236
f 1235 1236 1237
f 1237 1236 1238
f 1237 1238 1239
f 1239 1238 1240
f 1239 1240 1241
f 1241 1240 1242
f 1241 1242 1243
f 1243 1242 1244
f 1245 1246 1247
f 1247 1246 1248
f 1247 1248 1249
f 1249 1248 1250
f 1249 1250 1251
f 1251 1250 1252
f 1251 1252 1253
f 1253 1252 1254
f 1253 1254 1255
f 1255 1254 1256
f 1255 1256 1257
f 1257 1256 1258
f 1259 1260 1261
f 1261 1260 1262
f 1261 1262 1263
f 1263 1262 1264
f 1263 1264 1265
f 1265 1264 1266
f 1265 1266 1267
f 1267 1266 1268
f 1267 1268 1269
f 1269 1268 1270
f 1269 1270 1271
f 1271 1270 1272
f 1273 1274 1275
f 1275 1274 1276
f 1275 1276 1277
f 1277 1276 1278
f 1277 1278 1279
f 1279 1278 1280
f 1279 1280 1281
f 1281 1280 1282
f 1281 1282 1283
f 1283 1282 1284
f 1283 1284 1285
f 1285 1284 1286
f 1285 1286 1287
f 1287 1286 1288
f 1287 1288 1289
f 1289 1288 1290
f 1289 1290 1291
f 1291 1290 1292
f 1291 1292 1293
f 1293 1292 1294
f 1293 1294 1295
f 1295 1294 1296
f 1295 1296 1297
f 1297 1296 1298
f 1297 1298 1299
f 1299 1298 1300
f 1299 1300 1301
f 1301 1300 1302
f 1301 1302 1303
f 1303 1302 1304
f 1303 1304 1305
f 1305 1304 1306
f 1305 1306 1307
f 1307 1306 1308
f 1307 1308 1309
f 1309 1308 1310
f 1309 1310 1311
f 1311 1310 1312
f 1311 1312 1313
f 1313 1312 1314
f 1313 1314 1315
f 1315 1314 1316
f 1315 1316 1317
f 1317 1316 1318
f 1317 1318 1319
f 1319 1318 1320
f 1319 1320 1273
f 1273 1320 1274
f 1321 1322 1323
f 1323 1322 1324
f 1323 1324 1325
f 1325 1324 1326
f 1325 1326 1327
f 1327 1326 1328
f 1327 1328 1329
f 1329 1328 1330
f 1329 1330 1331
f 1331 1330 1332
f 1331 1332 1333
f 1333 1332 1334
f 1333 1334 1335
f 1335 1334 1336
f 1335 1336 1337
f 1337 1336 1338
f 1337 1338 1339
f 1339 1338 1340
f 1339 1340 1341
f 1341 1340 1342
f 1341 1342 1343
f 1343 1342 1344
f 1343 1344 1345
f 1345 1344 1346
f 1345 1346 1347
f 1347 1346 1348
f 1347 1348 1349
f 1349 1348 1350
f 1349 1350 1351
f 1351 1350 1352
f 1351 1352 1353
f 1353 1352 1354
f 1353 1354 1355
f 1355 1354 1356
f 1355 1356 1357
f 1357 1356 1358
f 1357 1358 1359
f 1359 1358 1360
f 1359 1360 1361
f 1361 1360 1362
f 1361 1362 1363
f 1363 1362 1364
f 1363 1364 1365
f 1365 1364 1366
f 1365 1366 1367
f 1367 1366 1368
f 1367 1368 1321
f 1321 1368 1322
f 1369 1370 1371
f 1371 1370 1372
f 1371 1372 1373
f 1373 1372 1374
f 1373 1374 1375
f 1375 1374 1376
f 1375 1376 1377
f 1377 1376 1378
f 1377 1378 1379
f 1379 1378 1380
f 1379 1380 1381
f 1381 1380 1382
f 1381 1382 1383
f 1383 1382 1384
f 1383 1384 1385
f 1385 1384 1386
f 1385 1386 1387
f 1387 1386 1388
f 1387 1388 1389
f 1389 1388 1390
f 1389 1390 1391
f 1391 1390 1392
f 1391 1392 1393
f 1393 1392 1394
f 1393 1394 1395
f 1395 1394 1396
f 1395 1396 1397
f 1397 1396 1398
f 1397 1398 1399
f 1399 1398 1400
f 1399 1400 1401
f 1401 1400 1402
f 1401 1402 1403
f 1403 1402 1404
f 1403 1404 1405
f 1405 1404 1406
f 1405 1406 1407
f 1407 1406 1408
f 1407 1408 1409
f 1409 1408 1410
f 1409 1410 1411
f 1411 1410 1412
f 1411 1412 1413
f 1413 1412 1414
f 1413 1414 1415
f 1415 1414 1416
f 1415 1416 1369
f 1369 1416 1370
f 1417 1418 1419
f 1419 1418 1420
f 1419 1420 1421
f 1421 1420 1422
f 1421 1422 1423
f 1423 1422 1424
f 1423 1424 1425
f 1425 1424 1426
f 1425 1426 1427
f 1427 1426 1428
f 1427 1428 1429
f 1429 1428 1430
f 1429 1430 1431
f 1431 1430 1432
f 1431 1432 1433
f 1433 1432 1434
f 1433 1434 1435
f 1435 1434 1436
f 1435 1436 1437
f 1437 1436 1438
f 1437 1438 1439
f 1439 1438 1440
f 1439 1440 1441
f 1441 1440 1442
f 1441 1442 1443
f 1443 1442 1444
f 1443 1444 1445
f 1445 1444 1446
f 1445 1446 1447
f 1447 1446 1448
f 1447 1448 1449
f 1449 1448 1450
f 1449 1450 1451
f 1451 1450 1452
f 1451 1452 1453
f 1453 1452 1454
f 1453 1454 1455
f 1455 1454 1456
f 1455 1456 1457
f 1457 1456 1458
f 1457 1458 1459
f 1459 1458 1460
f 1459 1460 1461
f 1461 1460 1462
f 1461 1462 1463
f 1463 1462 1464
f 1463 1464 1417
f 1417 1464 1418
f 1465 1466 1467
f 1467 1466 1468
f 1467 1468 1469
f 1469 1468 1470
f 1469 1470 1471
f 1471 1470 1472
f 1471 1472 1473
f 1473 1472 1474
f 1473 1474 1475
f 1475 1474 1476
f 1475 1476 1477
f 1477 1476 1478
f 1477 1478 1479
f 1479 1478 1480
f 1479 1480 1481
f 1481 1480 1482
f 1481 1482 1483
f 1483 1482 1484
f 1483 1484 1485
f 1485 1484 1486
f 1485 1486 1487
f 1487 1486 1488
f 1487 1488 1489
f 1489 1488 1490
f 1489 1490 1491
f 1491 1490 1492
f 1491 1492 1493
f 1493 1492 1494
f 1493 1494 1495
f 1495 1494 1496
f 1495 1496 1497
f 1497 1496 1498
f 1497 1498 1499
f 1499 1498 1500
f 1499 1500 1501
f 1501 1500 1502
f 1501 1502 1503
f 1503 1502 1504
f 1503 1504 1505
f 1505 1504 1506
f 1505 1506 1507
f 1507 1506 1508
f 1507 1508 1509
f 1509 1508 1510
f 1509 1510 1511
f 1511 1510 1512
f 1511 1512 1465
f 1465 1512 1466
f 1513 1514 1515
f 1515 1514 1516
f 1515 1516 1517
f 1517 1516 1518
f 1517 1518 1519
f 1519 1518 1520
f 1519 1520 1521
f 1521 1520 1522
f 1521 1522 1523
f 1523 1522 1524
f 1523 1524 1525
f 1525 1524 1526
f 1525 1526 1527
f 1527 1526 1528
f 1527 1528 1529
f 1529 1528 1530
f 1529 1530 1531
f 1531 1530 1532
f 1531 1532 1533
f 1533 1532 1534
f 1533 1534 1535
f 1535 1534 1536
f 1535 1536 1537
f 1537 1536 1538
f 1537 1538 1539
f 1539 1538 1540
f 1539 1540 1541
f 1541 1540 1542
f 1541 1542 1543
f 1543 1542 1544
f 1543 1544 1545
f 1545 1544 1546
f 1545 1546 1547
f 1547 1546 1548
f 1547 1548 1549
f 1549 1548 1550
f 1549 1550 1551
f 1551 1550 1552
f 1551 1552 1553
f 1553 1552 1554
f 1553 1554 1555
f 1555 1554 1556
f 1555 1556 1557
f 1557 1556 1558
f 1557 1558 1559
f 1559 1558 1560
f 1559 1560 1513
f 1513 1560 1514
f 1218 1217 1561
f 1561 1217 1562
f 1561 1562 1563
f 1563 1562 1564
f 1563 1564 1565
f 1565 1564 1566
f 1565 1566 1272
f 1272 1566 1271
f 1229 1230 1567
f 1567 1230 1568
f 1567 1568 1231
f 1231 1568 1232
f 1244 1569 1243
f 1243 1569 1570
f 1570 1569 1571
f 1570 1571 1572
f 1572 1571 1573
f 1572 1573 1574
f 1574 1573 1246
f 1574 1246 1245
f 1258 1575 1257
f 1257 1575 1576
f 1576 1575 1260
f 1576 1260 1259
f 1576 1319 1257
f 1257 1319 1273
f 1257 1273 1275
f 1259 1519 1576
f 1576 1519 1521
f 1576 1521 1523
f 1261 1263 1259
f 1259 1263 1265
f 1259 1265 1267
f 1267 1269 1259
f 1259 1269 1271
f 1259 1271 1515
f 1515 1271 1513
f 1513 1271 1559
f 1559 1271 1557
f 1557 1271 1555
f 1555 1271 1553
f 1553 1271 1551
f 1551 1271 1549
f 1549 1271 1566
f 1549 1566 1547
f 1547 1566 1545
f 1545 1566 1543
f 1543 1566 1541
f 1541 1566 1539
f 1539 1566 1537
f 1537 1566 1535
f 1535 1566 1577
f 1535 1577 1533
f 1533 1577 1578
f 1533 1578 1531
f 1531 1578 1529
f 1529 1578 1527
f 1527 1578 1525
f 1525 1578 1523
f 1523 1578 1576
f 1564 1465 1566
f 1566 1465 1467
f 1566 1467 1469
f 1562 1493 1564
f 1564 1493 1495
f 1564 1495 1497
f 1217 1457 1562
f 1562 1457 1459
f 1562 1459 1461
f 1219 1229 1217
f 1217 1229 1443
f 1217 1443 1445
f 1219 1221 1229
f 1229 1221 1223
f 1229 1223 1225
f 1225 1227 1229
f 1567 1439 1229
f 1229 1439 1441
f 1229 1441 1443
f 1231 1399 1567
f 1567 1399 1401
f 1567 1401 1403
f 1233 1235 1231
f 1231 1235 1237
f 1231 1237 1239
f 1239 1241 1231
f 1231 1241 1243
f 1231 1243 1395
f 1395 1243 1393
f 1393 1243 1391
f 1391 1243 1389
f 1389 1243 1387
f 1387 1243 1385
f 1385 1243 1383
f 1383 1243 1381
f 1381 1243 1570
f 1381 1570 1379
f 1379 1570 1377
f 1377 1570 1375
f 1375 1570 1373
f 1373 1570 1371
f 1371 1570 1369
f 1369 1570 1415
f 1415 1570 1579
f 1415 1579 1413
f 1413 1579 1411
f 1411 1579 1580
f 1411 1580 1409
f 1409 1580 1407
f 1407 1580 1405
f 1405 1580 1403
f 1403 1580 1567
f 1572 1345 1570
f 1570 1345 1347
f 1570 1347 1349
f 1574 1325 1572
f 1572 1325 1327
f 1572 1327 1329
f 1245 1289 1574
f 1574 1289 1291
f 1574 1291 1293
f 1247 1257 1245
f 1245 1257 1275
f 1245 1275 1277
f 1247 1249 1257
f 1257 1249 1251
f 1257 1251 1253
f 1253 1255 1257
f 1277 1279 1245
f 1245 1279 1281
f 1245 1281 1283
f 1283 1285 1245
f 1245 1285 1287
f 1245 1287 1289
f 1293 1295 1574
f 1574 1295 1297
f 1574 1297 1299
f 1299 1301 1574
f 1574 1301 1303
f 1574 1303 1577
f 1577 1303 1305
f 1577 1305 1578
f 1578 1305 1307
f 1578 1307 1309
f 1309 1311 1578
f 1578 1311 1313
f 1578 1313 1315
f 1578 1315 1576
f 1576 1315 1317
f 1576 1317 1319
f 1395 1397 1231
f 1231 1397 1399
f 1469 1471 1566
f 1566 1471 1577
f 1471 1473 1577
f 1577 1473 1581
f 1577 1581 1365
f 1365 1581 1363
f 1363 1581 1361
f 1361 1581 1359
f 1359 1581 1582
f 1359 1582 1357
f 1357 1582 1355
f 1355 1582 1353
f 1353 1582 1351
f 1351 1582 1579
f 1351 1579 1570
f 1473 1475 1581
f 1581 1475 1477
f 1581 1477 1479
f 1581 1479 1582
f 1582 1479 1481
f 1582 1481 1483
f 1483 1485 1582
f 1582 1485 1487
f 1582 1487 1579
f 1579 1487 1562
f 1579 1562 1423
f 1423 1562 1421
f 1421 1562 1419
f 1419 1562 1417
f 1417 1562 1463
f 1463 1562 1461
f 1487 1489 1562
f 1562 1489 1491
f 1562 1491 1493
f 1497 1499 1564
f 1564 1499 1501
f 1564 1501 1503
f 1503 1505 1564
f 1564 1505 1507
f 1564 1507 1509
f 1509 1511 1564
f 1564 1511 1465
f 1515 1517 1259
f 1259 1517 1519
f 1423 1425 1579
f 1579 1425 1427
f 1579 1427 1580
f 1580 1427 1429
f 1580 1429 1431
f 1431 1433 1580
f 1580 1433 1435
f 1580 1435 1567
f 1567 1435 1437
f 1567 1437 1439
f 1445 1447 1217
f 1217 1447 1449
f 1217 1449 1451
f 1451 1453 1217
f 1217 1453 1455
f 1217 1455 1457
f 1321 1323 1574
f 1574 1323 1325
f 1329 1331 1572
f 1572 1331 1333
f 1572 1333 1335
f 1335 1337 1572
f 1572 1337 1339
f 1572 1339 1341
f 1341 1343 1572
f 1572 1343 1345
f 1349 1351 1570
f 1365 1367 1577
f 1577 1367 1574
f 1367 1321 1574
f 1561 1458 1218
f 1218 1458 1456
f 1218 1456 1454
f 1563 1494 1561
f 1561 1494 1492
f 1561 1492 1490
f 1565 1466 1563
f 1563 1466 1512
f 1563 1512 1510
f 1272 1550 1565
f 1565 1550 1548
f 1565 1548 1546
f 1270 1260 1272
f 1272 1260 1516
f 1272 1516 1514
f 1270 1268 1260
f 1260 1268 1266
f 1260 1266 1264
f 1264 1262 1260
f 1575 1520 1260
f 1260 1520 1518
f 1260 1518 1516
f 1258 1320 1575
f 1575 1320 1318
f 1575 1318 1316
f 1256 1254 1258
f 1258 1254 1252
f 1258 1252 1250
f 1250 1248 1258
f 1258 1248 1246
f 1258 1246 1276
f 1276 1246 1278
f 1278 1246 1280
f 1280 1246 1282
f 1282 1246 1284
f 1284 1246 1286
f 1286 1246 1288
f 1288 1246 1290
f 1290 1246 1573
f 1290 1573 1292
f 1292 1573 1294
f 1294 1573 1296
f 1296 1573 1298
f 1298 1573 1300
f 1300 1573 1302
f 1302 1573 1304
f 1304 1573 1583
f 1304 1583 1306
f 1306 1583 1584
f 1306 1584 1308
f 1308 1584 1310
f 1310 1584 1312
f 1312 1584 1314
f 1314 1584 1316
f 1316 1584 1575
f 1571 1326 1573
f 1573 1326 1324
f 1573 1324 1322
f 1569 1346 1571
f 1571 1346 1344
f 1571 1344 1342
f 1244 1382 1569
f 1569 1382 1380
f 1569 1380 1378
f 1242 1232 1244
f 1244 1232 1396
f 1244 1396 1394
f 1242 1240 1232
f 1232 1240 1238
f 1232 1238 1236
f 1236 1234 1232
f 1568 1400 1232
f 1232 1400 1398
f 1232 1398 1396
f 1230 1440 1568
f 1568 1440 1438
f 1568 1438 1436
f 1228 1226 1230
f 1230 1226 1224
f 1230 1224 1222
f 1222 1220 1230
f 1230 1220 1218
f 1230 1218 1444
f 1444 1218 1446
f 1446 1218 1448
f 1448 1218 1450
f 1450 1218 1452
f 1452 1218 1454
f 1276 1274 1258
f 1258 1274 1320
f 1322 1368 1573
f 1573 1368 1583
f 1368 1366 1583
f 1583 1366 1585
f 1583 1585 1474
f 1474 1585 1476
f 1476 1585 1478
f 1478 1585 1480
f 1480 1585 1586
f 1480 1586 1482
f 1482 1586 1484
f 1484 1586 1486
f 1486 1586 1488
f 1488 1586 1587
f 1488 1587 1561
f 1561 1587 1424
f 1561 1424 1422
f 1366 1364 1585
f 1585 1364 1362
f 1585 1362 1360
f 1585 1360 1586
f 1586 1360 1358
f 1586 1358 1356
f 1356 1354 1586
f 1586 1354 1352
f 1586 1352 1587
f 1587 1352 1569
f 1587 1569 1416
f 1416 1569 1370
f 1370 1569 1372
f 1372 1569 1374
f 1374 1569 1376
f 1376 1569 1378
f 1352 1350 1569
f 1569 1350 1348
f 1569 1348 1346
f 1342 1340 1571
f 1571 1340 1338
f 1571 1338 1336
f 1336 1334 1571
f 1571 1334 1332
f 1571 1332 1330
f 1330 1328 1571
f 1571 1328 1326
f 1416 1414 1587
f 1587 1414 1412
f 1587 1412 1588
f 1588 1412 1410
f 1588 1410 1408
f 1408 1406 1588
f 1588 1406 1404
f 1588 1404 1568
f 1568 1404 1402
f 1568 1402 1400
f 1394 1392 1244
f 1244 1392 1390
f 1244 1390 1388
f 1388 1386 1244
f 1244 1386 1384
f 1244 1384 1382
f 1422 1420 1561
f 1561 1420 1418
f 1561 1418 1464
f 1464 1462 1561
f 1561 1462 1460
f 1561 1460 1458
f 1444 1442 1230
f 1230 1442 1440
f 1568 1436 1588
f 1588 1436 1434
f 1588 1434 1432
f 1432 1430 1588
f 1588 1430 1428
f 1588 1428 1587
f 1587 1428 1426
f 1587 1426 1424
f 1470 1468 1565
f 1565 1468 1466
f 1510 1508 1563
f 1563 1508 1506
f 1563 1506 1504
f 1504 1502 1563
f 1563 1502 1500
f 1563 1500 1498
f 1498 1496 1563
f 1563 1496 1494
f 1490 1488 1561
f 1474 1472 1583
f 1583 1472 1565
f 1583 1565 1536
f 1536 1565 1538
f 1538 1565 1540
f 1540 1565 1542
f 1542 1565 1544
f 1544 1565 1546
f 1472 1470 1565
f 1514 1560 1272
f 1272 1560 1558
f 1272 1558 1556
f 1556 1554 1272
f 1272 1554 1552
f 1272 1552 1550
f 1536 1534 1583
f 1583 1534 1584
f 1534 1532 1584
f 1584 1532 1530
f 1584 1530 1528
f 1528 1526 1584
f 1584 1526 1524
f 1584 1524 1575
f 1575 1524 1522
f 1575 1522 1520
g 43

v -10.000002 9.800480 80.865959
v -9.000002 8.762709 80.987259
v -10.000002 8.762709 80.987259
v -9.000002 7.724937 80.865959
v -10.000002 7.724937 80.865959
v -9.000002 6.743112 80.508606
v -10.000002 6.743112 80.508606
v -9.000002 5.870164 79.934456
v -10.000002 5.870164 79.934456
v -9.000002 5.153154 79.174469
v -10.000002 5.153154 79.174469
v -9.000002 4.630736 78.269615
v -10.000002 4.630736 78.269615
v -9.000002 4.331074 77.268677
v -10.000002 4.331074 77.268677
v -9.000002 4.270322 76.225601
v -10.000002 4.270322 76.225601
v -9.000002 4.451756 75.196640
v -10.000002 4.451756 75.196640
v -9.000002 4.865594 74.237259
v -10.000002 4.865594 74.237259
v -9.000002 5.489527 73.399170
v -10.000002 5.489527 73.399170
v -9.000002 6.289918 72.727562
v -10.000002 6.289918 72.727562
v -9.000002 7.223618 72.258636
v -10.000002 7.223618 72.258636
v -9.000002 8.240291 72.017685
v -10.000002 8.240291 72.017685
v -9.000002 9.285127 72.017685
v -10.000002 9.285127 72.017685
v -9.000002 10.301799 72.258636
v -10.000002 10.301799 72.258636
v -9.000002 11.235499 72.727562
v -10.000002 11.235499 72.727562
v -9.000002 12.035890 73.399170
v -10.000002 12.035890 73.399170
v -9.000002 12.659823 74.237259
v -10.000002 12.659823 74.237259
v -9.000002 13.073661 75.196640
v -10.000002 13.073661 75.196640
v -9.000002 13.255095 76.225601
v -10.000002 13.255095 76.225601
v -9.000002 13.194344 77.268677
v -10.000002 13.194344 77.268677
v -9.000002 12.894681 78.269615
v -10.000002 12.894681 78.269615
v -9.000002 12.372263 79.174469
v -10.000002 12.372263 79.174469
v -9.000002 11.655253 79.934456
v -10.000002 11.655253 79.934456
v -9.000002 10.782305 80.508606
v -10.000002 10.782305 80.508606
v -9.000002 9.800480 80.865959
v -9.000002 19.762709 86.987259
v -10.000002 19.762709 86.987259
v -9.000002 19.745672 87.116669
v -10.000002 19.745672 87.116669
v -9.000002 19.695721 87.237259
v -10.000002 19.695721 87.237259
v -9.000002 19.616262 87.340813
v -10.000002 19.616262 87.340813
v -9.000002 19.512709 87.420273
v -10.000002 19.512709 87.420273
v -9.000002 19.392118 87.470222
v -10.000002 19.392118 87.470222
v -9.000002 19.262709 87.487259
v -10.000002 19.262709 87.487259
v -9.000002 -1.737291 87.487259
v -10.000002 -1.737291 87.487259
v -9.000002 -1.866701 87.470222
v -10.000002 -1.866701 87.470222
v -9.000002 -1.987291 87.420273
v -10.000002 -1.987291 87.420273
v -9.000002 -2.090845 87.340813
v -10.000002 -2.090845 87.340813
v -9.000002 -2.170304 87.237259
v -10.000002 -2.170304 87.237259
v -9.000002 -2.220254 87.116669
v -10.000002 -2.220254 87.116669
v -9.000002 -2.237291 86.987259
v -10.000002 -2.237291 86.987259
v -9.000002 -2.237291 65.987259
v -10.000002 -2.237291 65.987259
v -9.000002 -2.220254 65.857849
v -10.000002 -2.220254 65.857849
v -9.000002 -2.170304 65.737259
v -10.000002 -2.170304 65.737259
v -9.000002 -2.090845 65.633705
v -10.000002 -2.090845 65.633705
v -9.000002 -1.987291 65.554245
v -10.000002 -1.987291 65.554245
v -9.000002 -1.866701 65.504295
v -10.000002 -1.866701 65.504295
v -9.000002 -1.737291 65.487259
v -10.000002 -1.737291 65.487259
v -9.000002 19.262709 65.487259
v -10.000002 19.262709 65.487259
v -9.000002 19.392118 65.504295
v -10.000002 19.392118 65.504295
v -9.000002 19.512709 65.554245
v -10.000002 19.512709 65.554245
v -9.000002 19.616262 65.633705
v -10.000002 19.616262 65.633705
v -9.000002 19.695721 65.737259
v -10.000002 19.695721 65.737259
v -9.000002 19.745672 65.857849
v -10.000002 19.745672 65.857849
v -9.000002 19.762709 65.987259
v -10.000002 19.762709 65.987259
v -10.000002 13.580200 73.940102
v -9.000002 13.580200 73.940102
v -10.000002 13.525848 73.947258
v -9.000002 13.525848 73.947258
v -10.000002 13.471496 73.940102
v -9.000002 13.471496 73.940102
v -10.000002 13.420848 73.919121
v -9.000002 13.420848 73.919121
v -10.000002 13.377356 73.885750
v -9.000002 13.377356 73.885750
v -10.000002 13.343983 73.842255
v -9.000002 13.343983 73.842255
v -10.000002 13.323004 73.791611
v -9.000002 13.323004 73.791611
v -10.000002 13.315848 73.737259
v -9.000002 13.315848 73.737259
v -10.000002 13.323004 73.682907
v -9.000002 13.323004 73.682907
v -10.000002 13.343983 73.632256
v -9.000002 13.343983 73.632256
v -10.000002 13.377356 73.588768
v -9.000002 13.377356 73.588768
v -10.000002 13.420848 73.555389
v -9.000002 13.420848 73.555389
v -10.000002 13.471496 73.534416
v -9.000002 13.471496 73.534416
v -10.000002 13.525848 73.527260
v -9.000002 13.525848 73.527260
v -10.000002 13.580200 73.534416
v -9.000002 13.580200 73.534416
v -10.000002 13.630848 73.555389
v -9.000002 13.630848 73.555389
v -10.000002 13.674341 73.588768
v -9.000002 13.674341 73.588768
v -10.000002 13.707714 73.632256
v -9.000002 13.707714 73.632256
v -10.000002 13.728693 73.682907
v -9.000002 13.728693 73.682907
v -10.000002 13.735848 73.737259
v -9.000002 13.735848 73.737259
v -10.000002 13.728693 73.791611
v -9.000002 13.728693 73.791611
v -10.000002 13.707714 73.842255
v -9.000002 13.707714 73.842255
v -10.000002 13.674341 73.885750
v -9.000002 13.674341 73.885750
v -10.000002 13.630848 73.919121
v -9.000002 13.630848 73.919121
v -10.000002 8.817061 71.190102
v -9.000002 8.817061 71.190102
v -10.000002 8.762709 71.197258
v -9.000002 8.762709 71.197258
v -10.000002 8.708357 71.190102
v -9.000002 8.708357 71.190102
v -10.000002 8.657709 71.169121
v -9.000002 8.657709 71.169121
v -10.000002 8.614216 71.135750
v -9.000002 8.614216 71.135750
v -10.000002 8.580843 71.092255
v -9.000002 8.580843 71.092255
v -10.000002 8.559864 71.041611
v -9.000002 8.559864 71.041611
v -10.000002 8.552709 70.987259
v -9.000002 8.552709 70.987259
v -10.000002 8.559864 70.932907
v -9.000002 8.559864 70.932907
v -10.000002 8.580843 70.882256
v -9.000002 8.580843 70.882256
v -10.000002 8.614216 70.838768
v -9.000002 8.614216 70.838768
v -10.000002 8.657709 70.805389
v -9.000002 8.657709 70.805389
v -10.000002 8.708357 70.784416
v -9.000002 8.708357 70.784416
v -10.000002 8.762709 70.777260
v -9.000002 8.762709 70.777260
v -10.000002 8.817061 70.784416
v -9.000002 8.817061 70.784416
v -10.000002 8.867709 70.805389
v -9.000002 8.867709 70.805389
v -10.000002 8.911201 70.838768
v -9.000002 8.911201 70.838768
v -10.000002 8.944574 70.882256
v -9.000002 8.944574 70.882256
v -10.000002 8.965553 70.932907
v -9.000002 8.965553 70.932907
v -10.000002 8.972709 70.987259
v -9.000002 8.972709 70.987259
v -10.000002 8.965553 71.041611
v -9.000002 8.965553 71.041611
v -10.000002 8.944574 71.092255
v -9.000002 8.944574 71.092255
v -10.000002 8.911201 71.135750
v -9.000002 8.911201 71.135750
v -10.000002 8.867709 71.169121
v -9.000002 8.867709 71.169121
v -10.000002 4.053921 73.940102
v -9.000002 4.053921 73.940102
v -10.000002 3.999569 73.947258
v -9.000002 3.999569 73.947258
v -10.000002 3.945217 73.940102
v -9.000002 3.945217 73.940102
v -10.000002 3.894569 73.919121
v -9.000002 3.894569 73.919121
v -10.000002 3.851076 73.885750
v -9.000002 3.851076 73.885750
v -10.000002 3.817704 73.842255
v -9.000002 3.817704 73.842255
v -10.000002 3.796724 73.791611
v -9.000002 3.796724 73.791611
v -10.000002 3.789569 73.737259
v -9.000002 3.789569 73.737259
v -10.000002 3.796724 73.682907
v -9.000002 3.796724 73.682907
v -10.000002 3.817704 73.632256
v -9.000002 3.817704 73.632256
v -10.000002 3.851076 73.588768
v -9.000002 3.851076 73.588768
v -10.000002 3.894569 73.555389
v -9.000002 3.894569 73.555389
v -10.000002 3.945217 73.534416
v -9.000002 3.945217 73.534416
v -10.000002 3.999569 73.527260
v -9.000002 3.999569 73.527260
v -10.000002 4.053921 73.534416
v -9.000002 4.053921 73.534416
v -10.000002 4.104569 73.555389
v -9.000002 4.104569 73.555389
v -10.000002 4.148061 73.588768
v -9.000002 4.148061 73.588768
v -10.000002 4.181434 73.632256
v -9.000002 4.181434 73.632256
v -10.000002 4.202413 73.682907
v -9.000002 4.202413 73.682907
v -10.000002 4.209569 73.737259
v -9.000002 4.209569 73.737259
v -10.000002 4.202413 73.791611
v -9.000002 4.202413 73.791611
v -10.000002 4.181434 73.842255
v -9.000002 4.181434 73.842255
v -10.000002 4.148061 73.885750
v -9.000002 4.148061 73.885750
v -10.000002 4.104569 73.919121
v -9.000002 4.104569 73.919121
v -10.000002 8.817061 82.190102
v -9.000002 8.817061 82.190102
v -10.000002 8.762709 82.197258
v -9.000002 8.762709 82.197258
v -10.000002 8.708357 82.190102
v -9.000002 8.708357 82.190102
v -10.000002 8.657709 82.169121
v -9.000002 8.657709 82.169121
v -10.000002 8.614216 82.135750
v -9.000002 8.614216 82.135750
v -10.000002 8.580843 82.092255
v -9.000002 8.580843 82.092255
v -10.000002 8.559864 82.041611
v -9.000002 8.559864 82.041611
v -10.000002 8.552709 81.987259
v -9.000002 8.552709 81.987259
v -10.000002 8.559864 81.932907
v -9.000002 8.559864 81.932907
v -10.000002 8.580843 81.882256
v -9.000002 8.580843 81.882256
v -10.000002 8.614216 81.838768
v -9.000002 8.614216 81.838768
v -10.000002 8.657709 81.805389
v -9.000002 8.657709 81.805389
v -10.000002 8.708357 81.784416
v -9.000002 8.708357 81.784416
v -10.000002 8.762709 81.777260
v -9.000002 8.762709 81.777260
v -10.000002 8.817061 81.784416
v -9.000002 8.817061 81.784416
v -10.000002 8.867709 81.805389
v -9.000002 8.867709 81.805389
v -10.000002 8.911201 81.838768
v -9.000002 8.911201 81.838768
v -10.000002 8.944574 81.882256
v -9.000002 8.944574 81.882256
v -10.000002 8.965553 81.932907
v -9.000002 8.965553 81.932907
v -10.000002 8.972709 81.987259
v -9.000002 8.972709 81.987259
v -10.000002 8.965553 82.041611
v -9.000002 8.965553 82.041611
v -10.000002 8.944574 82.092255
v -9.000002 8.944574 82.092255
v -10.000002 8.911201 82.135750
v -9.000002 8.911201 82.135750
v -10.000002 8.867709 82.169121
v -9.000002 8.867709 82.169121
v -10.000002 13.580200 79.440102
v -9.000002 13.580200 79.440102
v -10.000002 13.525848 79.447258
v -9.000002 13.525848 79.447258
v -10.000002 13.471496 79.440102
v -9.000002 13.471496 79.440102
v -10.000002 13.420848 79.419121
v -9.000002 13.420848 79.419121
v -10.000002 13.377356 79.385750
v -9.000002 13.377356 79.385750
v -10.000002 13.343983 79.342255
v -9.000002 13.343983 79.342255
v -10.000002 13.323004 79.291611
v -9.000002 13.323004 79.291611
v -10.000002 13.315848 79.237259
v -9.000002 13.315848 79.237259
v -10.000002 13.323004 79.182907
v -9.000002 13.323004 79.182907
v -10.000002 13.343983 79.132256
v -9.000002 13.343983 79.132256
v -10.000002 13.377356 79.088768
v -9.000002 13.377356 79.088768
v -10.000002 13.420848 79.055389
v -9.000002 13.420848 79.055389
v -10.000002 13.471496 79.034416
v -9.000002 13.471496 79.034416
v -10.000002 13.525848 79.027260
v -9.000002 13.525848 79.027260
v -10.000002 13.580200 79.034416
v -9.000002 13.580200 79.034416
v -10.000002 13.630848 79.055389
v -9.000002 13.630848 79.055389
v -10.000002 13.674341 79.088768
v -9.000002 13.674341 79.088768
v -10.000002 13.707714 79.132256
v -9.000002 13.707714 79.132256
v -10.000002 13.728693 79.182907
v -9.000002 13.728693 79.182907
v -10.000002 13.735848 79.237259
v -9.000002 13.735848 79.237259
v -10.000002 13.728693 79.291611
v -9.000002 13.728693 79.291611
v -10.000002 13.707714 79.342255
v -9.000002 13.707714 79.342255
v -10.000002 13.674341 79.385750
v -9.000002 13.674341 79.385750
v -10.000002 13.630848 79.419121
v -9.000002 13.630848 79.419121
v -10.000002 4.053921 79.440102
v -9.000002 4.053921 79.440102
v -10.000002 3.999569 79.447258
v -9.000002 3.999569 79.447258
v -10.000002 3.945217 79.440102
v -9.000002 3.945217 79.440102
v -10.000002 3.894569 79.419121
v -9.000002 3.894569 79.419121
v -10.000002 3.851076 79.385750
v -9.000002 3.851076 79.385750
v -10.000002 3.817704 79.342255
v -9.000002 3.817704 79.342255
v -10.000002 3.796724 79.291611
v -9.000002 3.796724 79.291611
v -10.000002 3.789569 79.237259
v -9.000002 3.789569 79.237259
v -10.000002 3.796724 79.182907
v -9.000002 3.796724 79.182907
v -10.000002 3.817704 79.132256
v -9.000002 3.817704 79.132256
v -10.000002 3.851076 79.088768
v -9.000002 3.851076 79.088768
v -10.000002 3.894569 79.055389
v -9.000002 3.894569 79.055389
v -10.000002 3.945217 79.034416
v -9.000002 3.945217 79.034416
v -10.000002 3.999569 79.027260
v -9.000002 3.999569 79.027260
v -10.000002 4.053921 79.034416
v -9.000002 4.053921 79.034416
v -10.000002 4.104569 79.055389
v -9.000002 4.104569 79.055389
v -10.000002 4.148061 79.088768
v -9.000002 4.148061 79.088768
v -10.000002 4.181434 79.132256
v -9.000002 4.181434 79.132256
v -10.000002 4.202413 79.182907
v -9.000002 4.202413 79.182907
v -10.000002 4.209569 79.237259
v -9.000002 4.209569 79.237259
v -10.000002 4.202413 79.291611
v -9.000002 4.202413 79.291611
v -10.000002 4.181434 79.342255
v -9.000002 4.181434 79.342255
v -10.000002 4.148061 79.385750
v -9.000002 4.148061 79.385750
v -10.000002 4.104569 79.419121
v -9.000002 4.104569 79.419121
v -9.000002 -0.127293 85.076736
v -10.000002 -0.127293 85.076736
v -9.000002 -0.237291 85.062256
v -10.000002 -0.237291 85.062256
v -9.000002 -0.347289 85.076736
v -10.000002 -0.347289 85.076736
v -9.000002 -0.449791 85.119194
v -10.000002 -0.449791 85.119194
v -9.000002 -0.537812 85.186737
v -10.000002 -0.537812 85.186737
v -9.000002 -0.605352 85.274757
v -10.000002 -0.605352 85.274757
v -9.000002 -0.647810 85.377258
v -10.000002 -0.647810 85.377258
v -9.000002 -0.662291 85.487259
v -10.000002 -0.662291 85.487259
v -9.000002 -0.647810 85.597252
v -10.000002 -0.647810 85.597252
v -9.000002 -0.605352 85.699760
v -10.000002 -0.605352 85.699760
v -9.000002 -0.537812 85.787781
v -10.000002 -0.537812 85.787781
v -9.000002 -0.449791 85.855316
v -10.000002 -0.449791 85.855316
v -9.000002 -0.347289 85.897774
v -10.000002 -0.347289 85.897774
v -9.000002 -0.237291 85.912254
v -10.000002 -0.237291 85.912254
v -9.000002 -0.127293 85.897774
v -10.000002 -0.127293 85.897774
v -9.000002 -0.024791 85.855316
v -10.000002 -0.024791 85.855316
v -9.000002 0.063229 85.787781
v -10.000002 0.063229 85.787781
v -9.000002 0.130769 85.699760
v -10.000002 0.130769 85.699760
v -9.000002 0.173227 85.597252
v -10.000002 0.173227 85.597252
v -9.000002 0.187709 85.487259
v -10.000002 0.187709 85.487259
v -9.000002 0.173227 85.377258
v -10.000002 0.173227 85.377258
v -9.000002 0.130769 85.274757
v -10.000002 0.130769 85.274757
v -9.000002 0.063229 85.186737
v -10.000002 0.063229 85.186737
v -9.000002 -0.024791 85.119194
v -10.000002 -0.024791 85.119194
v -9.000002 -0.127293 67.076736
v -10.000002 -0.127293 67.076736
v -9.000002 -0.237291 67.062256
v -10.000002 -0.237291 67.062256
v -9.000002 -0.347289 67.076736
v -10.000002 -0.347289 67.076736
v -9.000002 -0.449791 67.119194
v -10.000002 -0.449791 67.119194
v -9.000002 -0.537812 67.186737
v -10.000002 -0.537812 67.186737
v -9.000002 -0.605352 67.274757
v -10.000002 -0.605352 67.274757
v -9.000002 -0.647810 67.377258
v -10.000002 -0.647810 67.377258
v -9.000002 -0.662291 67.487259
v -10.000002 -0.662291 67.487259
v -9.000002 -0.647810 67.597252
v -10.000002 -0.647810 67.597252
v -9.000002 -0.605352 67.699760
v -10.000002 -0.605352 67.699760
v -9.000002 -0.537812 67.787781
v -10.000002 -0.537812 67.787781
v -9.000002 -0.449791 67.855316
v -10.000002 -0.449791 67.855316
v -9.000002 -0.347289 67.897774
v -10.000002 -0.347289 67.897774
v -9.000002 -0.237291 67.912254
v -10.000002 -0.237291 67.912254
v -9.000002 -0.127293 67.897774
v -10.000002 -0.127293 67.897774
v -9.000002 -0.024791 67.855316
v -10.000002 -0.024791 67.855316
v -9.000002 0.063229 67.787781
v -10.000002 0.063229 67.787781
v -9.000002 0.130769 67.699760
v -10.000002 0.130769 67.699760
v -9.000002 0.173227 67.597252
v -10.000002 0.173227 67.597252
v -9.000002 0.187709 67.487259
v -10.000002 0.187709 67.487259
v -9.000002 0.173227 67.377258
v -10.000002 0.173227 67.377258
v -9.000002 0.130769 67.274757
v -10.000002 0.130769 67.274757
v -9.000002 0.063229 67.186737
v -10.000002 0.063229 67.186737
v -9.000002 -0.024791 67.119194
v -10.000002 -0.024791 67.119194
v -9.000002 17.872707 85.076736
v -10.000002 17.872707 85.076736
v -9.000002 17.762709 85.062256
v -10.000002 17.762709 85.062256
v -9.000002 17.652712 85.076736
v -10.000002 17.652712 85.076736
v -9.000002 17.550209 85.119194
v -10.000002 17.550209 85.119194
v -9.000002 17.462189 85.186737
v -10.000002 17.462189 85.186737
v -9.000002 17.394648 85.274757
v -10.000002 17.394648 85.274757
v -9.000002 17.352190 85.377258
v -10.000002 17.352190 85.377258
v -9.000002 17.337709 85.487259
v -10.000002 17.337709 85.487259
v -9.000002 17.352190 85.597252
v -10.000002 17.352190 85.597252
v -9.000002 17.394648 85.699760
v -10.000002 17.394648 85.699760
v -9.000002 17.462189 85.787781
v -10.000002 17.462189 85.787781
v -9.000002 17.550209 85.855316
v -10.000002 17.550209 85.855316
v -9.000002 17.652712 85.897774
v -10.000002 17.652712 85.897774
v -9.000002 17.762709 85.912254
v -10.000002 17.762709 85.912254
v -9.000002 17.872707 85.897774
v -10.000002 17.872707 85.897774
v -9.000002 17.975208 85.855316
v -10.000002 17.975208 85.855316
v -9.000002 18.063229 85.787781
v -10.000002 18.063229 85.787781
v -9.000002 18.130770 85.699760
v -10.000002 18.130770 85.699760
v -9.000002 18.173227 85.597252
v -10.000002 18.173227 85.597252
v -9.000002 18.187710 85.487259
v -10.000002 18.187710 85.487259
v -9.000002 18.173227 85.377258
v -10.000002 18.173227 85.377258
v -9.000002 18.130770 85.274757
v -10.000002 18.130770 85.274757
v -9.000002 18.063229 85.186737
v -10.000002 18.063229 85.186737
v -9.000002 17.975208 85.119194
v -10.000002 17.975208 85.119194
v -9.000002 17.872707 67.076736
v -10.000002 17.872707 67.076736
v -9.000002 17.762709 67.062256
v -10.000002 17.762709 67.062256
v -9.000002 17.652712 67.076736
v -10.000002 17.652712 67.076736
v -9.000002 17.550209 67.119194
v -10.000002 17.550209 67.119194
v -9.000002 17.462189 67.186737
v -10.000002 17.462189 67.186737
v -9.000002 17.394648 67.274757
v -10.000002 17.394648 67.274757
v -9.000002 17.352190 67.377258
v -10.000002 17.352190 67.377258
v -9.000002 17.337709 67.487259
v -10.000002 17.337709 67.487259
v -9.000002 17.352190 67.597252
v -10.000002 17.352190 67.597252
v -9.000002 17.394648 67.699760
v -10.000002 17.394648 67.699760
v -9.000002 17.462189 67.787781
v -10.000002 17.462189 67.787781
v -9.000002 17.550209 67.855316
v -10.000002 17.550209 67.855316
v -9.000002 17.652712 67.897774
v -10.000002 17.652712 67.897774
v -9.000002 17.762709 67.912254
v -10.000002 17.762709 67.912254
v -9.000002 17.872707 67.897774
v -10.000002 17.872707 67.897774
v -9.000002 17.975208 67.855316
v -10.000002 17.975208 67.855316
v -9.000002 18.063229 67.787781
v -10.000002 18.063229 67.787781
v -9.000002 18.130770 67.699760
v -10.000002 18.130770 67.699760
v -9.000002 18.173227 67.597252
v -10.000002 18.173227 67.597252
v -9.000002 18.187710 67.487259
v -10.000002 18.187710 67.487259
v -9.000002 18.173227 67.377258
v -10.000002 18.173227 67.377258
v -9.000002 18.130770 67.274757
v -10.000002 18.130770 67.274757
v -9.000002 18.063229 67.186737
v -10.000002 18.063229 67.186737
v -9.000002 17.975208 67.119194
v -10.000002 17.975208 67.119194
v -10.000002 19.762709 76.487259
v -9.000002 19.762709 76.487259
v -9.000002 8.762709 87.487259
v -10.000002 8.762709 87.487259
v -10.000002 -2.237291 76.487259
v -9.000002 -2.237291 76.487259
v -10.000002 8.762709 65.487259
v -9.000002 8.762709 65.487259
v -9.000002 8.762709 85.912254
v -9.000002 8.762709 67.912254
v -10.000002 8.762709 85.912254
v -10.000002 8.762709 67.912254
f 1589 1590 1591
f 1591 1590 1592
f 1591 1592 1593
f 1593 1592 1594
f 1593 1594 1595
f 1595 1594 1596
f 1595 1596 1597
f 1597 1596 1598
f 1597 1598 1599
f 1599 1598 1600
f 1599 1600 1601
f 1601 1600 1602
f 1601 1602 1603
f 1603 1602 1604
f 1603 1604 1605
f 1605 1604 1606
f 1605 1606 1607
f 1607 1606 1608
f 1607 1608 1609
f 1609 1608 1610
f 1609 1610 1611
f 1611 1610 1612
f 1611 1612 1613
f 1613 1612 1614
f 1613 1614 1615
f 1615 1614 1616
f 1615 1616 1617
f 1617 1616 1618
f 1617 1618 1619
f 1619 1618 1620
f 1619 1620 1621
f 1621 1620 1622
f 1621 1622 1623
f 1623 1622 1624
f 1623 1624 1625
f 1625 1624 1626
f 1625 1626 1627
f 1627 1626 1628
f 1627 1628 1629
f 1629 1628 1630
f 1629 1630 1631
f 1631 1630 1632
f 1631 1632 1633
f 1633 1632 1634
f 1633 1634 1635
f 1635 1634 1636
f 1635 1636 1637
f 1637 1636 1638
f 1637 1638 1639
f 1639 1638 1640
f 1639 1640 1641
f 1641 1640 1642
f 1641 1642 1589
f 1589 1642 1590
f 1643 1644 1645
f 1645 1644 1646
f 1645 1646 1647
f 1647 1646 1648
f 1647 1648 1649
f 1649 1648 1650
f 1649 1650 1651
f 1651 1650 1652
f 1651 1652 1653
f 1653 1652 1654
f 1653 1654 1655
f 1655 1654 1656
f 1657 1658 1659
f 1659 1658 1660
f 1659 1660 1661
f 1661 1660 1662
f 1661 1662 1663
f 1663 1662 1664
f 1663 1664 1665
f 1665 1664 1666
f 1665 1666 1667
f 1667 1666 1668
f 1667 1668 1669
f 1669 1668 1670
f 1671 1672 1673
f 1673 1672 1674
f 1673 1674 1675
f 1675 1674 1676
f 1675 1676 1677
f 1677 1676 1678
f 1677 1678 1679
f 1679 1678 1680
f 1679 1680 1681
f 1681 1680 1682
f 1681 1682 1683
f 1683 1682 1684
f 1685 1686 1687
f 1687 1686 1688
f 1687 1688 1689
f 1689 1688 1690
f 1689 1690 1691
f 1691 1690 1692
f 1691 1692 1693
f 1693 1692 1694
f 1693 1694 1695
f 1695 1694 1696
f 1695 1696 1697
f 1697 1696 1698
f 1699 1700 1701
f 1701 1700 1702
f 1701 1702 1703
f 1703 1702 1704
f 1703 1704 1705
f 1705 1704 1706
f 1705 1706 1707
f 1707 1706 1708
f 1707 1708 1709
f 1709 1708 1710
f 1709 1710 1711
f 1711 1710 1712
f 1711 1712 1713
f 1713 1712 1714
f 1713 1714 1715
f 1715 1714 1716
f 1715 1716 1717
f 1717 1716 1718
f 1717 1718 1719
f 1719 1718 1720
f 1719 1720 1721
f 1721 1720 1722
f 1721 1722 1723
f 1723 1722 1724
f 1723 1724 1725
f 1725 1724 1726
f 1725 1726 1727
f 1727 1726 1728
f 1727 1728 1729
f 1729 1728 1730
f 1729 1730 1731
f 1731 1730 1732
f 1731 1732 1733
f 1733 1732 1734
f 1733 1734 1735
f 1735 1734 1736
f 1735 1736 1737
f 1737 1736 1738
f 1737 1738 1739
f 1739 1738 1740
f 1739 1740 1741
f 1741 1740 1742
f 1741 1742 1743
f 1743 1742 1744
f 1743 1744 1745
f 1745 1744 1746
f 1745 1746 1699
f 1699 1746 1700
f 1747 1748 1749
f 1749 1748 1750
f 1749 1750 1751
f 1751 1750 1752
f 1751 1752 1753
f 1753 1752 1754
f 1753 1754 1755
f 1755 1754 1756
f 1755 1756 1757
f 1757 1756 1758
f 1757 1758 1759
f 1759 1758 1760
f 1759 1760 1761
f 1761 1760 1762
f 1761 1762 1763
f 1763 1762 1764
f 1763 1764 1765
f 1765 1764 1766
f 1765 1766 1767
f 1767 1766 1768
f 1767 1768 1769
f 1769 1768 1770
f 1769 1770 1771
f 1771 1770 1772
f 1771 1772 1773
f 1773 1772 1774
f 1773 1774 1775
f 1775 1774 1776
f 1775 1776 1777
f 1777 1776 1778
f 1777 1778 1779
f 1779 1778 1780
f 1779 1780 1781
f 1781 1780 1782
f 1781 1782 1783
f 1783 1782 1784
f 1783 1784 1785
f 1785 1784 1786
f 1785 1786 1787
f 1787 1786 1788
f 1787 1788 1789
f 1789 1788 1790
f 1789 1790 1791
f 1791 1790 1792
f 1791 1792 1793
f 1793 1792 1794
f 1793 1794 1747
f 1747 1794 1748
f 1795 1796 1797
f 1797 1796 1798
f 1797 1798 1799
f 1799 1798 1800
f 1799 1800 1801
f 1801 1800 1802
f 1801 1802 1803
f 1803 1802 1804
f 1803 1804 1805
f 1805 1804 1806
f 1805 1806 1807
f 1807 1806 1808
f 1807 1808 1809
f 1809 1808 1810
f 1809 1810 1811
f 1811 1810 1812
f 1811 1812 1813
f 1813 1812 1814
f 1813 1814 1815
f 1815 1814 1816
f 1815 1816 1817
f 1817 1816 1818
f 1817 1818 1819
f 1819 1818 1820
f 1819 1820 1821
f 1821 1820 1822
f 1821 1822 1823
f 1823 1822 1824
f 1823 1824 1825
f 1825 1824 1826
f 1825 1826 1827
f 1827 1826 1828
f 1827 1828 1829
f 1829 1828 1830
f 1829 1830 1831
f 1831 1830 1832
f 1831 1832 1833
f 1833 1832 1834
f 1833 1834 1835
f 1835 1834 1836
f 1835 1836 1837
f 1837 1836 1838
f 1837 1838 1839
f 1839 1838 1840
f 1839 1840 1841
f 1841 1840 1842
f 1841 1842 1795
f 1795 1842 1796
f 1843 1844 1845
f 1845 1844 1846
f 1845 1846 1847
f 1847 1846 1848
f 1847 1848 1849
f 1849 1848 1850
f 1849 1850 1851
f 1851 1850 1852
f 1851 1852 1853
f 1853 1852 1854
f 1853 1854 1855
f 1855 1854 1856
f 1855 1856 1857
f 1857 1856 1858
f 1857 1858 1859
f 1859 1858 1860
f 1859 1860 1861
f 1861 1860 1862
f 1861 1862 1863
f 1863 1862 1864
f 1863 1864 1865
f 1865 1864 1866
f 1865 1866 1867
f 1867 1866 1868
f 1867 1868 1869
f 1869 1868 1870
f 1869 1870 1871
f 1871 1870 1872
f 1871 1872 1873
f 1873 1872 1874
f 1873 1874 1875
f 1875 1874 1876
f 1875 1876 1877
f 1877 1876 1878
f 1877 1878 1879
f 1879 1878 1880
f 1879 1880 1881
f 1881 1880 1882
f 1881 1882 1883
f 1883 1882 1884
f 1883 1884 1885
f 1885 1884 1886
f 1885 1886 1887
f 1887 1886 1888
f 1887 1888 1889
f 1889 1888 1890
f 1889 1890 1843
f 1843 1890 1844
f 1891 1892 1893
f 1893 1892 1894
f 1893 1894 1895
f 1895 1894 1896
f 1895 1896 1897
f 1897 1896 1898
f 1897 1898 1899
f 1899 1898 1900
f 1899 1900 1901
f 1901 1900 1902
f 1901 1902 1903
f 1903 1902 1904
f 1903 1904 1905
f 1905 1904 1906
f 1905 1906 1907
f 1907 1906 1908
f 1907 1908 1909
f 1909 1908 1910
f 1909 1910 1911
f 1911 1910 1912
f 1911 1912 1913
f 1913 1912 1914
f 1913 1914 1915
f 1915 1914 1916
f 1915 1916 1917
f 1917 1916 1918
f 1917 1918 1919
f 1919 1918 1920
f 1919 1920 1921
f 1921 1920 1922
f 1921 1922 1923
f 1923 1922 1924
f 1923 1924 1925
f 1925 1924 1926
f 1925 1926 1927
f 1927 1926 1928
f 1927 1928 1929
f 1929 1928 1930
f 1929 1930 1931
f 1931 1930 1932
f 1931 1932 1933
f 1933 1932 1934
f 1933 1934 1935
f 1935 1934 1936
f 1935 1936 1937
f 1937 1936 1938
f 1937 1938 1891
f 1891 1938 1892
f 1939 1940 1941
f 1941 1940 1942
f 1941 1942 1943
f 1943 1942 1944
f 1943 1944 1945
f 1945 1944 1946
f 1945 1946 1947
f 1947 1946 1948
f 1947 1948 1949
f 1949 1948 1950
f 1949 1950 1951
f 1951 1950 1952
f 1951 1952 1953
f 1953 1952 1954
f 1953 1954 1955
f 1955 1954 1956
f 1955 1956 1957
f 1957 1956 1958
f 1957 1958 1959
f 1959 1958 1960
f 1959 1960 1961
f 1961 1960 1962
f 1961 1962 1963
f 1963 1962 1964
f 1963 1964 1965
f 1965 1964 1966
f 1965 1966 1967
f 1967 1966 1968
f 1967 1968 1969
f 1969 1968 1970
f 1969 1970 1971
f 1971 1970 1972
f 1971 1972 1973
f 1973 1972 1974
f 1973 1974 1975
f 1975 1974 1976
f 1975 1976 1977
f 1977 1976 1978
f 1977 1978 1979
f 1979 1978 1980
f 1979 1980 1981
f 1981 1980 1982
f 1981 1982 1983
f 1983 1982 1984
f 1983 1984 1985
f 1985 1984 1986
f 1985 1986 1939
f 1939 1986 1940
f 1987 1988 1989
f 1989 1988 1990
f 1989 1990 1991
f 1991 1990 1992
f 1991 1992 1993
f 1993 1992 1994
f 1993 1994 1995
f 1995 1994 1996
f 1995 1996 1997
f 1997 1996 1998
f 1997 1998 1999
f 1999 1998 2000
f 1999 2000 2001
f 2001 2000 2002
f 2001 2002 2003
f 2003 2002 2004
f 2003 2004 2005
f 2005 2004 2006
f 2005 2006 2007
f 2007 2006 2008
f 2007 2008 2009
f 2009 2008 2010
f 2009 2010 2011
f 2011 2010 2012
f 2011 2012 2013
f 2013 2012 2014
f 2013 2014 2015
f 2015 2014 2016
f 2015 2016 2017
f 2017 2016 2018
f 2017 2018 2019
f 2019 2018 2020
f 2019 2020 2021
f 2021 2020 2022
f 2021 2022 2023
f 2023 2022 2024
f 2023 2024 2025
f 2025 2024 2026
f 2025 2026 2027
f 2027 2026 2028
f 2027 2028 2029
f 2029 2028 2030
f 2029 2030 2031
f 2031 2030 2032
f 2031 2032 2033
f 2033 2032 2034
f 2033 2034 1987
f 1987 2034 1988
f 2035 2036 2037
f 2037 2036 2038
f 2037 2038 2039
f 2039 2038 2040
f 2039 2040 2041
f 2041 2040 2042
f 2041 2042 2043
f 2043 2042 2044
f 2043 2044 2045
f 2045 2044 2046
f 2045 2046 2047
f 2047 2046 2048
f 2047 2048 2049
f 2049 2048 2050
f 2049 2050 2051
f 2051 2050 2052
f 2051 2052 2053
f 2053 2052 2054
f 2053 2054 2055
f 2055 2054 2056
f 2055 2056 2057
f 2057 2056 2058
f 2057 2058 2059
f 2059 2058 2060
f 2059 2060 2061
f 2061 2060 2062
f 2061 2062 2063
f 2063 2062 2064
f 2063 2064 2065
f 2065 2064 2066
f 2065 2066 2067
f 2067 2066 2068
f 2067 2068 2069
f 2069 2068 2070
f 2069 2070 2071
f 2071 2070 2072
f 2071 2072 2073
f 2073 2072 2074
f 2073 2074 2075
f 2075 2074 2076
f 2075 2076 2077
f 2077 2076 2078
f 2077 2078 2079
f 2079 2078 2080
f 2079 2080 2081
f 2081 2080 2082
f 2081 2082 2035
f 2035 2082 2036
f 2083 2084 2085
f 2085 2084 2086
f 2085 2086 2087
f 2087 2086 2088
f 2087 2088 2089
f 2089 2088 2090
f 2089 2090 2091
f 2091 2090 2092
f 2091 2092 2093
f 2093 2092 2094
f 2093 2094 2095
f 2095 2094 2096
f 2095 2096 2097
f 2097 2096 2098
f 2097 2098 2099
f 2099 2098 2100
f 2099 2100 2101
f 2101 2100 2102
f 2101 2102 2103
f 2103 2102 2104
f 2103 2104 2105
f 2105 2104 2106
f 2105 2106 2107
f 2107 2106 2108
f 2107 2108 2109
f 2109 2108 2110
f 2109 2110 2111
f 2111 2110 2112
f 2111 2112 2113
f 2113 2112 2114
f 2113 2114 2115
f 2115 2114 2116
f 2115 2116 2117
f 2117 2116 2118
f 2117 2118 2119
f 2119 2118 2120
f 2119 2120 2121
f 2121 2120 2122
f 2121 2122 2123
f 2123 2122 2124
f 2123 2124 2125
f 2125 2124 2126
f 2125 2126 2127
f 2127 2126 2128
f 2127 2128 2129
f 2129 2128 2130
f 2129 2130 2083
f 2083 2130 2084
f 2131 2132 2133
f 2133 2132 2134
f 2133 2134 2135
f 2135 2134 2136
f 2135 2136 2137
f 2137 2136 2138
f 2137 2138 2139
f 2139 2138 2140
f 2139 2140 2141
f 2141 2140 2142
f 2141 2142 2143
f 2143 2142 2144
f 2143 2144 2145
f 2145 2144 2146
f 2145 2146 2147
f 2147 2146 2148
f 2147 2148 2149
f 2149 2148 2150
f 2149 2150 2151
f 2151 2150 2152
f 2151 2152 2153
f 2153 2152 2154
f 2153 2154 2155
f 2155 2154 2156
f 2155 2156 2157
f 2157 2156 2158
f 2157 2158 2159
f 2159 2158 2160
f 2159 2160 2161
f 2161 2160 2162
f 2161 2162 2163
f 2163 2162 2164
f 2163 2164 2165
f 2165 2164 2166
f 2165 2166 2167
f 2167 2166 2168
f 2167 2168 2169
f 2169 2168 2170
f 2169 2170 2171
f 2171 2170 2172
f 2171 2172 2173
f 2173 2172 2174
f 2173 2174 2175
f 2175 2174 2176
f 2175 2176 2177
f 2177 2176 2178
f 2177 2178 2131
f 2131 2178 2132
f 1644 1643 2179
f 2179 1643 2180
f 2179 2180 1698
f 1698 2180 1697
f 1655 1656 2181
f 2181 1656 2182
f 2181 2182 1657
f 1657 2182 1658
f 1670 2183 1669
f 1669 2183 2184
f 2184 2183 1672
f 2184 1672 1671
f 1684 2185 1683
f 1683 2185 2186
f 2186 2185 1686
f 2186 1686 1685
f 2186 2081 1683
f 1683 2081 2035
f 1683 2035 2037
f 1685 2137 2186
f 2186 2137 2139
f 2186 2139 2141
f 1687 1689 1685
f 1685 1689 1691
f 1685 1691 1693
f 1693 1695 1685
f 1685 1695 1697
f 1685 1697 2175
f 2175 1697 2173
f 2173 1697 2171
f 2171 1697 2169
f 2169 1697 2167
f 2167 1697 2165
f 2165 1697 2180
f 2165 2180 2163
f 2163 2180 2161
f 2161 2180 2159
f 2159 2180 2157
f 2157 2180 1736
f 2157 1736 1734
f 1643 2125 2180
f 2180 2125 2127
f 2180 2127 2129
f 1645 1647 1643
f 1643 1647 1649
f 1643 1649 1651
f 1651 1653 1643
f 1643 1653 1655
f 1643 1655 2115
f 2115 1655 2113
f 2113 1655 2111
f 2111 1655 2109
f 2109 1655 2107
f 2107 1655 2105
f 2105 1655 2181
f 2105 2181 2103
f 2103 2181 2101
f 2101 2181 2099
f 2099 2181 2187
f 2099 2187 2097
f 2097 2187 2095
f 2095 2187 1886
f 2095 1886 1640
f 1640 1886 1884
f 1640 1884 1642
f 1642 1884 1882
f 1642 1882 1880
f 1657 2017 2181
f 2181 2017 2019
f 2181 2019 2021
f 1659 1669 1657
f 1657 1669 2007
f 1657 2007 2009
f 1659 1661 1669
f 1669 1661 1663
f 1669 1663 1665
f 1665 1667 1669
f 2184 1997 1669
f 1669 1997 1999
f 1669 1999 2001
f 1671 2053 2184
f 2184 2053 2055
f 2184 2055 2057
f 1673 1683 1671
f 1671 1683 2043
f 1671 2043 2045
f 1673 1675 1683
f 1683 1675 1677
f 1683 1677 1679
f 1679 1681 1683
f 1748 1618 1750
f 1750 1618 1616
f 1750 1616 1752
f 1752 1616 1754
f 1754 1616 1756
f 1756 1616 1758
f 1758 1616 1760
f 1760 1616 1614
f 1760 1614 1762
f 1762 1614 1764
f 1764 1614 1766
f 1766 1614 2188
f 1766 2188 1768
f 1768 2188 1770
f 1770 2188 1772
f 1772 2188 1774
f 1774 2188 1776
f 1776 2188 1778
f 1778 2188 1780
f 1780 2188 1782
f 1782 2188 1620
f 1782 1620 1784
f 1784 1620 1786
f 1786 1620 1788
f 1788 1620 1618
f 1788 1618 1790
f 1790 1618 1792
f 1792 1618 1794
f 1794 1618 1748
f 1800 1798 1606
f 1606 1798 1796
f 1606 1796 1608
f 1608 1796 1842
f 1608 1842 1840
f 1840 1838 1608
f 1608 1838 1836
f 1608 1836 1834
f 1834 1832 1608
f 1608 1832 1610
f 1610 1832 1830
f 1610 1830 1828
f 1828 1826 1610
f 1610 1826 1824
f 1610 1824 1612
f 1612 1824 1822
f 1612 1822 2069
f 2069 1822 1820
f 2069 1820 2067
f 2067 1820 1818
f 2067 1818 2065
f 2065 1818 1816
f 2065 1816 2063
f 2063 1816 1814
f 2063 1814 2061
f 2061 1814 1812
f 2061 1812 2184
f 2184 1812 1810
f 2184 1810 1808
f 1808 1806 2184
f 2184 1806 1604
f 2184 1604 1602
f 1806 1804 1604
f 1604 1804 1606
f 1606 1804 1802
f 1606 1802 1800
f 1848 1846 2187
f 2187 1846 1844
f 2187 1844 1890
f 1890 1888 2187
f 2187 1888 1886
f 1880 1878 1642
f 1642 1878 1876
f 1642 1876 1590
f 1590 1876 1874
f 1590 1874 1872
f 1872 1870 1590
f 1590 1870 1868
f 1590 1868 1866
f 1866 1864 1590
f 1590 1864 1592
f 1592 1864 1862
f 1592 1862 1860
f 1860 1858 1592
f 1592 1858 1856
f 1592 1856 1594
f 1594 1856 1854
f 1594 1854 2027
f 2027 1854 2187
f 2027 2187 2025
f 2025 2187 2023
f 2023 2187 2181
f 2023 2181 2021
f 1854 1852 2187
f 2187 1852 1850
f 2187 1850 1848
f 1892 2093 1894
f 1894 2093 1638
f 1894 1638 1896
f 1896 1638 1898
f 1898 1638 1900
f 1900 1638 1636
f 1900 1636 1902
f 1902 1636 1904
f 1904 1636 1906
f 1906 1636 1908
f 1908 1636 1910
f 1910 1636 1634
f 1910 1634 1912
f 1912 1634 1914
f 1914 1634 1916
f 1916 1634 1918
f 1918 1634 1920
f 1920 1634 1632
f 1920 1632 1922
f 1922 1632 1924
f 1924 1632 1926
f 1926 1632 2180
f 1926 2180 1928
f 1928 2180 1930
f 1930 2180 1932
f 1932 2180 2085
f 1932 2085 1934
f 1934 2085 2087
f 1934 2087 1936
f 1936 2087 2089
f 1936 2089 1938
f 1938 2089 2091
f 1938 2091 1892
f 1892 2091 2093
f 1940 1596 1942
f 1942 1596 2029
f 1942 2029 1944
f 1944 2029 2031
f 1944 2031 1946
f 1946 2031 2033
f 1946 2033 1948
f 1948 2033 1987
f 1948 1987 1950
f 1950 1987 1989
f 1950 1989 1952
f 1952 1989 2184
f 1952 2184 1954
f 1954 2184 1956
f 1956 2184 1958
f 1958 2184 1602
f 1958 1602 1960
f 1960 1602 1962
f 1962 1602 1964
f 1964 1602 1600
f 1964 1600 1966
f 1966 1600 1968
f 1968 1600 1970
f 1970 1600 1972
f 1972 1600 1974
f 1974 1600 1598
f 1974 1598 1976
f 1976 1598 1978
f 1978 1598 1980
f 1980 1598 1982
f 1982 1598 1984
f 1984 1598 1596
f 1984 1596 1986
f 1986 1596 1940
f 2037 2039 1683
f 1683 2039 2041
f 1683 2041 2043
f 2045 2047 1671
f 1671 2047 2049
f 1671 2049 2051
f 2051 2053 1671
f 2057 2059 2184
f 2184 2059 2061
f 2069 2071 1612
f 1612 2071 2188
f 1612 2188 1614
f 2071 2073 2188
f 2188 2073 2075
f 2188 2075 2186
f 2186 2075 2077
f 2186 2077 2079
f 2079 2081 2186
f 2131 2133 1685
f 1685 2133 2135
f 1685 2135 2137
f 2141 2143 2186
f 2186 2143 2188
f 2143 2145 2188
f 2188 2145 2147
f 2188 2147 1622
f 1622 2147 2149
f 1622 2149 1726
f 1726 2149 1728
f 1728 2149 2151
f 1728 2151 1730
f 1730 2151 2153
f 1730 2153 1732
f 1732 2153 2155
f 1732 2155 1734
f 1734 2155 2157
f 2175 2177 1685
f 1685 2177 2131
f 1638 2093 1640
f 1640 2093 2095
f 2115 2117 1643
f 1643 2117 2119
f 1643 2119 2121
f 2121 2123 1643
f 1643 2123 2125
f 2129 2083 2180
f 2180 2083 2085
f 1989 1991 2184
f 2184 1991 1993
f 2184 1993 1995
f 1995 1997 2184
f 2001 2003 1669
f 1669 2003 2005
f 1669 2005 2007
f 2009 2011 1657
f 1657 2011 2013
f 1657 2013 2015
f 2015 2017 1657
f 2027 2029 1594
f 1594 2029 1596
f 1704 1702 1628
f 1628 1702 1700
f 1628 1700 1746
f 1746 1744 1628
f 1628 1744 1630
f 1630 1744 1742
f 1630 1742 2180
f 2180 1742 1740
f 2180 1740 1738
f 1738 1736 2180
f 1726 1724 1622
f 1622 1724 1624
f 1624 1724 1722
f 1624 1722 1720
f 1720 1718 1624
f 1624 1718 1716
f 1624 1716 1626
f 1626 1716 1714
f 1626 1714 1712
f 1712 1710 1626
f 1626 1710 1708
f 1626 1708 1706
f 1706 1704 1626
f 1626 1704 1628
f 1632 1630 2180
f 1622 1620 2188
f 2179 2126 1644
f 1644 2126 2124
f 1644 2124 2122
f 1698 2166 2179
f 2179 2166 2164
f 2179 2164 2162
f 1696 1686 1698
f 1698 1686 2176
f 1698 2176 2174
f 1696 1694 1686
f 1686 1694 1692
f 1686 1692 1690
f 1690 1688 1686
f 2185 2138 1686
f 1686 2138 2136
f 1686 2136 2134
f 1684 2082 2185
f 2185 2082 2080
f 2185 2080 2078
f 1682 1680 1684
f 1684 1680 1678
f 1684 1678 1676
f 1676 1674 1684
f 1684 1674 1672
f 1684 1672 2044
f 2044 1672 2046
f 2046 1672 2048
f 2048 1672 2050
f 2050 1672 2052
f 2052 1672 2054
f 2054 1672 2183
f 2054 2183 2056
f 2056 2183 2058
f 2058 2183 2060
f 2060 2183 2062
f 2062 2183 1811
f 2062 1811 1813
f 1670 1998 2183
f 2183 1998 1996
f 2183 1996 1994
f 1668 1666 1670
f 1670 1666 1664
f 1670 1664 1662
f 1662 1660 1670
f 1670 1660 1658
f 1670 1658 2008
f 2008 1658 2010
f 2010 1658 2012
f 2012 1658 2014
f 2014 1658 2016
f 2016 1658 2018
f 2018 1658 2182
f 2018 2182 2020
f 2020 2182 2022
f 2022 2182 2024
f 2024 2182 2189
f 2024 2189 2026
f 2026 2189 2028
f 2028 2189 1853
f 2028 1853 1595
f 1595 1853 1855
f 1595 1855 1593
f 1593 1855 1857
f 1593 1857 1859
f 1656 2106 2182
f 2182 2106 2104
f 2182 2104 2102
f 1654 1644 1656
f 1656 1644 2116
f 1656 2116 2114
f 1654 1652 1644
f 1644 1652 1650
f 1644 1650 1648
f 1648 1646 1644
f 1699 1701 1629
f 1629 1701 1703
f 1629 1703 1627
f 1627 1703 1705
f 1627 1705 1707
f 1707 1709 1627
f 1627 1709 1711
f 1627 1711 1713
f 1713 1715 1627
f 1627 1715 1625
f 1625 1715 1717
f 1625 1717 1719
f 1719 1721 1625
f 1625 1721 1723
f 1625 1723 1623
f 1623 1723 1725
f 1623 1725 2150
f 2150 1725 1727
f 2150 1727 2152
f 2152 1727 1729
f 2152 1729 2154
f 2154 1729 1731
f 2154 1731 2156
f 2156 1731 1733
f 2156 1733 2158
f 2158 1733 1735
f 2158 1735 2179
f 2179 1735 1737
f 2179 1737 1739
f 1739 1741 2179
f 2179 1741 1631
f 2179 1631 1633
f 1741 1743 1631
f 1631 1743 1629
f 1629 1743 1745
f 1629 1745 1699
f 1751 1617 1749
f 1749 1617 1619
f 1749 1619 1747
f 1747 1619 1793
f 1793 1619 1791
f 1791 1619 1789
f 1789 1619 1787
f 1787 1619 1621
f 1787 1621 1785
f 1785 1621 1783
f 1783 1621 1781
f 1781 1621 2190
f 1781 2190 1779
f 1779 2190 1777
f 1777 2190 1775
f 1775 2190 1773
f 1773 2190 1771
f 1771 2190 1769
f 1769 2190 1767
f 1767 2190 1765
f 1765 2190 1615
f 1765 1615 1763
f 1763 1615 1761
f 1761 1615 1759
f 1759 1615 1617
f 1759 1617 1757
f 1757 1617 1755
f 1755 1617 1753
f 1753 1617 1751
f 1795 1797 1607
f 1607 1797 1799
f 1607 1799 1801
f 1801 1803 1607
f 1607 1803 1605
f 1605 1803 1805
f 1605 1805 2183
f 2183 1805 1807
f 2183 1807 1809
f 1809 1811 2183
f 2062 1813 2064
f 2064 1813 1815
f 2064 1815 2066
f 2066 1815 1817
f 2066 1817 2068
f 2068 1817 1819
f 2068 1819 2070
f 2070 1819 1821
f 2070 1821 1613
f 1613 1821 1823
f 1613 1823 1611
f 1611 1823 1825
f 1611 1825 1827
f 1827 1829 1611
f 1611 1829 1831
f 1611 1831 1609
f 1609 1831 1833
f 1609 1833 1835
f 1835 1837 1609
f 1609 1837 1839
f 1609 1839 1841
f 1841 1795 1609
f 1609 1795 1607
f 1843 1845 2189
f 2189 1845 1847
f 2189 1847 1849
f 1849 1851 2189
f 2189 1851 1853
f 1859 1861 1593
f 1593 1861 1863
f 1593 1863 1591
f 1591 1863 1865
f 1591 1865 1867
f 1867 1869 1591
f 1591 1869 1871
f 1591 1871 1873
f 1873 1875 1591
f 1591 1875 1589
f 1589 1875 1877
f 1589 1877 1879
f 1879 1881 1589
f 1589 1881 1883
f 1589 1883 1641
f 1641 1883 1885
f 1641 1885 2096
f 2096 1885 2189
f 2096 2189 2098
f 2098 2189 2100
f 2100 2189 2182
f 2100 2182 2102
f 1885 1887 2189
f 2189 1887 1889
f 2189 1889 1843
f 1895 1639 1893
f 1893 1639 2094
f 1893 2094 1891
f 1891 2094 2092
f 1891 2092 1937
f 1937 2092 2090
f 1937 2090 1935
f 1935 2090 2088
f 1935 2088 1933
f 1933 2088 2086
f 1933 2086 1931
f 1931 2086 2179
f 1931 2179 1929
f 1929 2179 1927
f 1927 2179 1925
f 1925 2179 1633
f 1925 1633 1923
f 1923 1633 1921
f 1921 1633 1919
f 1919 1633 1635
f 1919 1635 1917
f 1917 1635 1915
f 1915 1635 1913
f 1913 1635 1911
f 1911 1635 1909
f 1909 1635 1637
f 1909 1637 1907
f 1907 1637 1905
f 1905 1637 1903
f 1903 1637 1901
f 1901 1637 1899
f 1899 1637 1639
f 1899 1639 1897
f 1897 1639 1895
f 1943 2030 1941
f 1941 2030 1597
f 1941 1597 1939
f 1939 1597 1985
f 1985 1597 1983
f 1983 1597 1599
f 1983 1599 1981
f 1981 1599 1979
f 1979 1599 1977
f 1977 1599 1975
f 1975 1599 1973
f 1973 1599 1601
f 1973 1601 1971
f 1971 1601 1969
f 1969 1601 1967
f 1967 1601 1965
f 1965 1601 1963
f 1963 1601 1603
f 1963 1603 1961
f 1961 1603 1959
f 1959 1603 1957
f 1957 1603 2183
f 1957 2183 1955
f 1955 2183 1953
f 1953 2183 1951
f 1951 2183 1990
f 1951 1990 1949
f 1949 1990 1988
f 1949 1988 1947
f 1947 1988 2034
f 1947 2034 1945
f 1945 2034 2032
f 1945 2032 1943
f 1943 2032 2030
f 2134 2132 1686
f 1686 2132 2178
f 1686 2178 2176
f 2174 2172 1698
f 1698 2172 2170
f 1698 2170 2168
f 2168 2166 1698
f 2162 2160 2179
f 2179 2160 2158
f 2150 2148 1623
f 1623 2148 2190
f 1623 2190 1621
f 2148 2146 2190
f 2190 2146 2144
f 2190 2144 2185
f 2185 2144 2142
f 2185 2142 2140
f 2140 2138 2185
f 2086 2084 2179
f 2179 2084 2130
f 2179 2130 2128
f 2128 2126 2179
f 2122 2120 1644
f 1644 2120 2118
f 1644 2118 2116
f 2114 2112 1656
f 1656 2112 2110
f 1656 2110 2108
f 2108 2106 1656
f 2096 2094 1641
f 1641 2094 1639
f 2040 2038 1684
f 1684 2038 2036
f 1684 2036 2082
f 2078 2076 2185
f 2185 2076 2190
f 2076 2074 2190
f 2190 2074 2072
f 2190 2072 1613
f 1613 2072 2070
f 2044 2042 1684
f 1684 2042 2040
f 1597 2030 1595
f 1595 2030 2028
f 2008 2006 1670
f 1670 2006 2004
f 1670 2004 2002
f 2002 2000 1670
f 1670 2000 1998
f 1994 1992 2183
f 2183 1992 1990
f 1603 1605 2183
f 1613 1615 2190
g 44

v -9.000002 20.562710 87.487259
v -10.000002 20.562710 87.487259
v -9.000002 20.433298 87.470222
v -10.000002 20.433298 87.470222
v -9.000002 20.312710 87.420273
v -10.000002 20.312710 87.420273
v -9.000002 20.209154 87.340813
v -10.000002 20.209154 87.340813
v -9.000002 20.129696 87.237259
v -10.000002 20.129696 87.237259
v -9.000002 20.079746 87.116669
v -10.000002 20.079746 87.116669
v -9.000002 20.062710 86.987259
v -10.000002 20.062710 86.987259
v -9.000002 20.062710 65.987259
v -10.000002 20.062710 65.987259
v -9.000002 20.079746 65.857849
v -10.000002 20.079746 65.857849
v -9.000002 20.129696 65.737259
v -10.000002 20.129696 65.737259
v -9.000002 20.209154 65.633705
v -10.000002 20.209154 65.633705
v -9.000002 20.312710 65.554245
v -10.000002 20.312710 65.554245
v -9.000002 20.433298 65.504295
v -10.000002 20.433298 65.504295
v -9.000002 20.562710 65.487259
v -10.000002 20.562710 65.487259
v -9.000002 57.262711 65.487259
v -10.000002 57.262711 65.487259
v -9.000002 57.392117 65.504295
v -10.000002 57.392117 65.504295
v -9.000002 57.512711 65.554245
v -10.000002 57.512711 65.554245
v -9.000002 57.616261 65.633705
v -10.000002 57.616261 65.633705
v -9.000002 57.695721 65.737259
v -10.000002 57.695721 65.737259
v -9.000002 57.745670 65.857849
v -10.000002 57.745670 65.857849
v -9.000002 57.762711 65.987259
v -10.000002 57.762711 65.987259
v -9.000002 57.762711 86.987259
v -10.000002 57.762711 86.987259
v -9.000002 57.745670 87.116669
v -10.000002 57.745670 87.116669
v -9.000002 57.695721 87.237259
v -10.000002 57.695721 87.237259
v -9.000002 57.616261 87.340813
v -10.000002 57.616261 87.340813
v -9.000002 57.512711 87.420273
v -10.000002 57.512711 87.420273
v -9.000002 57.392117 87.470222
v -10.000002 57.392117 87.470222
v -9.000002 57.262711 87.487259
v -10.000002 57.262711 87.487259
v -9.000002 54.173225 67.597252
v -10.000002 54.173225 67.597252
v -9.000002 54.187710 67.487259
v -10.000002 54.187710 67.487259
v -9.000002 54.173225 67.377258
v -10.000002 54.173225 67.377258
v -9.000002 54.130768 67.274757
v -10.000002 54.130768 67.274757
v -9.000002 54.063229 67.186737
v -10.000002 54.063229 67.186737
v -9.000002 53.975208 67.119194
v -10.000002 53.975208 67.119194
v -9.000002 53.872707 67.076736
v -10.000002 53.872707 67.076736
v -9.000002 53.762711 67.062256
v -10.000002 53.762711 67.062256
v -9.000002 53.652710 67.076736
v -10.000002 53.652710 67.076736
v -9.000002 53.550209 67.119194
v -10.000002 53.550209 67.119194
v -9.000002 53.462189 67.186737
v -10.000002 53.462189 67.186737
v -9.000002 53.394650 67.274757
v -10.000002 53.394650 67.274757
v -9.000002 53.352188 67.377258
v -10.000002 53.352188 67.377258
v -9.000002 53.337708 67.487259
v -10.000002 53.337708 67.487259
v -9.000002 53.352188 67.597252
v -10.000002 53.352188 67.597252
v -9.000002 53.394650 67.699760
v -10.000002 53.394650 67.699760
v -9.000002 53.462189 67.787781
v -10.000002 53.462189 67.787781
v -9.000002 53.550209 67.855316
v -10.000002 53.550209 67.855316
v -9.000002 53.652710 67.897774
v -10.000002 53.652710 67.897774
v -9.000002 53.762711 67.912254
v -10.000002 53.762711 67.912254
v -9.000002 53.872707 67.897774
v -10.000002 53.872707 67.897774
v -9.000002 53.975208 67.855316
v -10.000002 53.975208 67.855316
v -9.000002 54.063229 67.787781
v -10.000002 54.063229 67.787781
v -9.000002 54.130768 67.699760
v -10.000002 54.130768 67.699760
v -9.000002 39.323227 67.597252
v -10.000002 39.323227 67.597252
v -9.000002 39.337708 67.487259
v -10.000002 39.337708 67.487259
v -9.000002 39.323227 67.377258
v -10.000002 39.323227 67.377258
v -9.000002 39.280769 67.274757
v -10.000002 39.280769 67.274757
v -9.000002 39.213230 67.186737
v -10.000002 39.213230 67.186737
v -9.000002 39.125210 67.119194
v -10.000002 39.125210 67.119194
v -9.000002 39.022709 67.076736
v -10.000002 39.022709 67.076736
v -9.000002 38.912708 67.062256
v -10.000002 38.912708 67.062256
v -9.000002 38.802711 67.076736
v -10.000002 38.802711 67.076736
v -9.000002 38.700211 67.119194
v -10.000002 38.700211 67.119194
v -9.000002 38.612186 67.186737
v -10.000002 38.612186 67.186737
v -9.000002 38.544647 67.274757
v -10.000002 38.544647 67.274757
v -9.000002 38.502190 67.377258
v -10.000002 38.502190 67.377258
v -9.000002 38.487709 67.487259
v -10.000002 38.487709 67.487259
v -9.000002 38.502190 67.597252
v -10.000002 38.502190 67.597252
v -9.000002 38.544647 67.699760
v -10.000002 38.544647 67.699760
v -9.000002 38.612186 67.787781
v -10.000002 38.612186 67.787781
v -9.000002 38.700211 67.855316
v -10.000002 38.700211 67.855316
v -9.000002 38.802711 67.897774
v -10.000002 38.802711 67.897774
v -9.000002 38.912708 67.912254
v -10.000002 38.912708 67.912254
v -9.000002 39.022709 67.897774
v -10.000002 39.022709 67.897774
v -9.000002 39.125210 67.855316
v -10.000002 39.125210 67.855316
v -9.000002 39.213230 67.787781
v -10.000002 39.213230 67.787781
v -9.000002 39.280769 67.699760
v -10.000002 39.280769 67.699760
v -9.000002 24.473227 67.597252
v -10.000002 24.473227 67.597252
v -9.000002 24.487709 67.487259
v -10.000002 24.487709 67.487259
v -9.000002 24.473227 67.377258
v -10.000002 24.473227 67.377258
v -9.000002 24.430769 67.274757
v -10.000002 24.430769 67.274757
v -9.000002 24.363230 67.186737
v -10.000002 24.363230 67.186737
v -9.000002 24.275209 67.119194
v -10.000002 24.275209 67.119194
v -9.000002 24.172707 67.076736
v -10.000002 24.172707 67.076736
v -9.000002 24.062710 67.062256
v -10.000002 24.062710 67.062256
v -9.000002 23.952711 67.076736
v -10.000002 23.952711 67.076736
v -9.000002 23.850208 67.119194
v -10.000002 23.850208 67.119194
v -9.000002 23.762188 67.186737
v -10.000002 23.762188 67.186737
v -9.000002 23.694649 67.274757
v -10.000002 23.694649 67.274757
v -9.000002 23.652189 67.377258
v -10.000002 23.652189 67.377258
v -9.000002 23.637709 67.487259
v -10.000002 23.637709 67.487259
v -9.000002 23.652189 67.597252
v -10.000002 23.652189 67.597252
v -9.000002 23.694649 67.699760
v -10.000002 23.694649 67.699760
v -9.000002 23.762188 67.787781
v -10.000002 23.762188 67.787781
v -9.000002 23.850208 67.855316
v -10.000002 23.850208 67.855316
v -9.000002 23.952711 67.897774
v -10.000002 23.952711 67.897774
v -9.000002 24.062710 67.912254
v -10.000002 24.062710 67.912254
v -9.000002 24.172707 67.897774
v -10.000002 24.172707 67.897774
v -9.000002 24.275209 67.855316
v -10.000002 24.275209 67.855316
v -9.000002 24.363230 67.787781
v -10.000002 24.363230 67.787781
v -9.000002 24.430769 67.699760
v -10.000002 24.430769 67.699760
v -9.000002 24.473227 85.597252
v -10.000002 24.473227 85.597252
v -9.000002 24.487709 85.487259
v -10.000002 24.487709 85.487259
v -9.000002 24.473227 85.377258
v -10.000002 24.473227 85.377258
v -9.000002 24.430769 85.274757
v -10.000002 24.430769 85.274757
v -9.000002 24.363230 85.186737
v -10.000002 24.363230 85.186737
v -9.000002 24.275209 85.119194
v -10.000002 24.275209 85.119194
v -9.000002 24.172707 85.076736
v -10.000002 24.172707 85.076736
v -9.000002 24.062710 85.062256
v -10.000002 24.062710 85.062256
v -9.000002 23.952711 85.076736
v -10.000002 23.952711 85.076736
v -9.000002 23.850208 85.119194
v -10.000002 23.850208 85.119194
v -9.000002 23.762188 85.186737
v -10.000002 23.762188 85.186737
v -9.000002 23.694649 85.274757
v -10.000002 23.694649 85.274757
v -9.000002 23.652189 85.377258
v -10.000002 23.652189 85.377258
v -9.000002 23.637709 85.487259
v -10.000002 23.637709 85.487259
v -9.000002 23.652189 85.597252
v -10.000002 23.652189 85.597252
v -9.000002 23.694649 85.699760
v -10.000002 23.694649 85.699760
v -9.000002 23.762188 85.787781
v -10.000002 23.762188 85.787781
v -9.000002 23.850208 85.855316
v -10.000002 23.850208 85.855316
v -9.000002 23.952711 85.897774
v -10.000002 23.952711 85.897774
v -9.000002 24.062710 85.912254
v -10.000002 24.062710 85.912254
v -9.000002 24.172707 85.897774
v -10.000002 24.172707 85.897774
v -9.000002 24.275209 85.855316
v -10.000002 24.275209 85.855316
v -9.000002 24.363230 85.787781
v -10.000002 24.363230 85.787781
v -9.000002 24.430769 85.699760
v -10.000002 24.430769 85.699760
v -9.000002 39.323227 85.597252
v -10.000002 39.323227 85.597252
v -9.000002 39.337708 85.487259
v -10.000002 39.337708 85.487259
v -9.000002 39.323227 85.377258
v -10.000002 39.323227 85.377258
v -9.000002 39.280769 85.274757
v -10.000002 39.280769 85.274757
v -9.000002 39.213230 85.186737
v -10.000002 39.213230 85.186737
v -9.000002 39.125210 85.119194
v -10.000002 39.125210 85.119194
v -9.000002 39.022709 85.076736
v -10.000002 39.022709 85.076736
v -9.000002 38.912708 85.062256
v -10.000002 38.912708 85.062256
v -9.000002 38.802711 85.076736
v -10.000002 38.802711 85.076736
v -9.000002 38.700211 85.119194
v -10.000002 38.700211 85.119194
v -9.000002 38.612186 85.186737
v -10.000002 38.612186 85.186737
v -9.000002 38.544647 85.274757
v -10.000002 38.544647 85.274757
v -9.000002 38.502190 85.377258
v -10.000002 38.502190 85.377258
v -9.000002 38.487709 85.487259
v -10.000002 38.487709 85.487259
v -9.000002 38.502190 85.597252
v -10.000002 38.502190 85.597252
v -9.000002 38.544647 85.699760
v -10.000002 38.544647 85.699760
v -9.000002 38.612186 85.787781
v -10.000002 38.612186 85.787781
v -9.000002 38.700211 85.855316
v -10.000002 38.700211 85.855316
v -9.000002 38.802711 85.897774
v -10.000002 38.802711 85.897774
v -9.000002 38.912708 85.912254
v -10.000002 38.912708 85.912254
v -9.000002 39.022709 85.897774
v -10.000002 39.022709 85.897774
v -9.000002 39.125210 85.855316
v -10.000002 39.125210 85.855316
v -9.000002 39.213230 85.787781
v -10.000002 39.213230 85.787781
v -9.000002 39.280769 85.699760
v -10.000002 39.280769 85.699760
v -9.000002 54.173225 85.597252
v -10.000002 54.173225 85.597252
v -9.000002 54.187710 85.487259
v -10.000002 54.187710 85.487259
v -9.000002 54.173225 85.377258
v -10.000002 54.173225 85.377258
v -9.000002 54.130768 85.274757
v -10.000002 54.130768 85.274757
v -9.000002 54.063229 85.186737
v -10.000002 54.063229 85.186737
v -9.000002 53.975208 85.119194
v -10.000002 53.975208 85.119194
v -9.000002 53.872707 85.076736
v -10.000002 53.872707 85.076736
v -9.000002 53.762711 85.062256
v -10.000002 53.762711 85.062256
v -9.000002 53.652710 85.076736
v -10.000002 53.652710 85.076736
v -9.000002 53.550209 85.119194
v -10.000002 53.550209 85.119194
v -9.000002 53.462189 85.186737
v -10.000002 53.462189 85.186737
v -9.000002 53.394650 85.274757
v -10.000002 53.394650 85.274757
v -9.000002 53.352188 85.377258
v -10.000002 53.352188 85.377258
v -9.000002 53.337708 85.487259
v -10.000002 53.337708 85.487259
v -9.000002 53.352188 85.597252
v -10.000002 53.352188 85.597252
v -9.000002 53.394650 85.699760
v -10.000002 53.394650 85.699760
v -9.000002 53.462189 85.787781
v -10.000002 53.462189 85.787781
v -9.000002 53.550209 85.855316
v -10.000002 53.550209 85.855316
v -9.000002 53.652710 85.897774
v -10.000002 53.652710 85.897774
v -9.000002 53.762711 85.912254
v -10.000002 53.762711 85.912254
v -9.000002 53.872707 85.897774
v -10.000002 53.872707 85.897774
v -9.000002 53.975208 85.855316
v -10.000002 53.975208 85.855316
v -9.000002 54.063229 85.787781
v -10.000002 54.063229 85.787781
v -9.000002 54.130768 85.699760
v -10.000002 54.130768 85.699760
v -10.000002 29.737709 87.487259
v -9.000002 29.737709 87.487259
v -10.000002 38.912708 87.487259
v -9.000002 38.912708 87.487259
v -10.000002 48.087708 87.487259
v -9.000002 48.087708 87.487259
v -9.000002 20.062710 76.487259
v -10.000002 20.062710 76.487259
v -10.000002 29.737709 65.487259
v -9.000002 29.737709 65.487259
v -10.000002 38.912708 65.487259
v -9.000002 38.912708 65.487259
v -10.000002 48.087708 65.487259
v -9.000002 48.087708 65.487259
v -10.000002 57.762711 76.487259
v -9.000002 57.762711 76.487259
v -9.000002 48.337708 76.487259
v -9.000002 53.337708 76.487259
v -9.000002 29.487709 76.487259
v -9.000002 23.637709 76.487259
v -9.000002 38.912708 76.487259
v -9.000002 38.487709 76.487259
v -10.000002 48.337708 76.487259
v -10.000002 53.337708 76.487259
v -10.000002 38.912708 76.487259
v -10.000002 38.487709 76.487259
v -10.000002 29.487709 76.487259
v -10.000002 23.637709 76.487259
f 2191 2192 2193
f 2193 2192 2194
f 2193 2194 2195
f 2195 2194 2196
f 2195 2196 2197
f 2197 2196 2198
f 2197 2198 2199
f 2199 2198 2200
f 2199 2200 2201
f 2201 2200 2202
f 2201 2202 2203
f 2203 2202 2204
f 2205 2206 2207
f 2207 2206 2208
f 2207 2208 2209
f 2209 2208 2210
f 2209 2210 2211
f 2211 2210 2212
f 2211 2212 2213
f 2213 2212 2214
f 2213 2214 2215
f 2215 2214 2216
f 2215 2216 2217
f 2217 2216 2218
f 2219 2220 2221
f 2221 2220 2222
f 2221 2222 2223
f 2223 2222 2224
f 2223 2224 2225
f 2225 2224 2226
f 2225 2226 2227
f 2227 2226 2228
f 2227 2228 2229
f 2229 2228 2230
f 2229 2230 2231
f 2231 2230 2232
f 2233 2234 2235
f 2235 2234 2236
f 2235 2236 2237
f 2237 2236 2238
f 2237 2238 2239
f 2239 2238 2240
f 2239 2240 2241
f 2241 2240 2242
f 2241 2242 2243
f 2243 2242 2244
f 2243 2244 2245
f 2245 2244 2246
f 2247 2248 2249
f 2249 2248 2250
f 2249 2250 2251
f 2251 2250 2252
f 2251 2252 2253
f 2253 2252 2254
f 2253 2254 2255
f 2255 2254 2256
f 2255 2256 2257
f 2257 2256 2258
f 2257 2258 2259
f 2259 2258 2260
f 2259 2260 2261
f 2261 2260 2262
f 2261 2262 2263
f 2263 2262 2264
f 2263 2264 2265
f 2265 2264 2266
f 2265 2266 2267
f 2267 2266 2268
f 2267 2268 2269
f 2269 2268 2270
f 2269 2270 2271
f 2271 2270 2272
f 2271 2272 2273
f 2273 2272 2274
f 2273 2274 2275
f 2275 2274 2276
f 2275 2276 2277
f 2277 2276 2278
f 2277 2278 2279
f 2279 2278 2280
f 2279 2280 2281
f 2281 2280 2282
f 2281 2282 2283
f 2283 2282 2284
f 2283 2284 2285
f 2285 2284 2286
f 2285 2286 2287
f 2287 2286 2288
f 2287 2288 2289
f 2289 2288 2290
f 2289 2290 2291
f 2291 2290 2292
f 2291 2292 2293
f 2293 2292 2294
f 2293 2294 2247
f 2247 2294 2248
f 2295 2296 2297
f 2297 2296 2298
f 2297 2298 2299
f 2299 2298 2300
f 2299 2300 2301
f 2301 2300 2302
f 2301 2302 2303
f 2303 2302 2304
f 2303 2304 2305
f 2305 2304 2306
f 2305 2306 2307
f 2307 2306 2308
f 2307 2308 2309
f 2309 2308 2310
f 2309 2310 2311
f 2311 2310 2312
f 2311 2312 2313
f 2313 2312 2314
f 2313 2314 2315
f 2315 2314 2316
f 2315 2316 2317
f 2317 2316 2318
f 2317 2318 2319
f 2319 2318 2320
f 2319 2320 2321
f 2321 2320 2322
f 2321 2322 2323
f 2323 2322 2324
f 2323 2324 2325
f 2325 2324 2326
f 2325 2326 2327
f 2327 2326 2328
f 2327 2328 2329
f 2329 2328 2330
f 2329 2330 2331
f 2331 2330 2332
f 2331 2332 2333
f 2333 2332 2334
f 2333 2334 2335
f 2335 2334 2336
f 2335 2336 2337
f 2337 2336 2338
f 2337 2338 2339
f 2339 2338 2340
f 2339 2340 2341
f 2341 2340 2342
f 2341 2342 2295
f 2295 2342 2296
f 2343 2344 2345
f 2345 2344 2346
f 2345 2346 2347
f 2347 2346 2348
f 2347 2348 2349
f 2349 2348 2350
f 2349 2350 2351
f 2351 2350 2352
f 2351 2352 2353
f 2353 2352 2354
f 2353 2354 2355
f 2355 2354 2356
f 2355 2356 2357
f 2357 2356 2358
f 2357 2358 2359
f 2359 2358 2360
f 2359 2360 2361
f 2361 2360 2362
f 2361 2362 2363
f 2363 2362 2364
f 2363 2364 2365
f 2365 2364 2366
f 2365 2366 2367
f 2367 2366 2368
f 2367 2368 2369
f 2369 2368 2370
f 2369 2370 2371
f 2371 2370 2372
f 2371 2372 2373
f 2373 2372 2374
f 2373 2374 2375
f 2375 2374 2376
f 2375 2376 2377
f 2377 2376 2378
f 2377 2378 2379
f 2379 2378 2380
f 2379 2380 2381
f 2381 2380 2382
f 2381 2382 2383
f 2383 2382 2384
f 2383 2384 2385
f 2385 2384 2386
f 2385 2386 2387
f 2387 2386 2388
f 2387 2388 2389
f 2389 2388 2390
f 2389 2390 2343
f 2343 2390 2344
f 2391 2392 2393
f 2393 2392 2394
f 2393 2394 2395
f 2395 2394 2396
f 2395 2396 2397
f 2397 2396 2398
f 2397 2398 2399
f 2399 2398 2400
f 2399 2400 2401
f 2401 2400 2402
f 2401 2402 2403
f 2403 2402 2404
f 2403 2404 2405
f 2405 2404 2406
f 2405 2406 2407
f 2407 2406 2408
f 2407 2408 2409
f 2409 2408 2410
f 2409 2410 2411
f 2411 2410 2412
f 2411 2412 2413
f 2413 2412 2414
f 2413 2414 2415
f 2415 2414 2416
f 2415 2416 2417
f 2417 2416 2418
f 2417 2418 2419
f 2419 2418 2420
f 2419 2420 2421
f 2421 2420 2422
f 2421 2422 2423
f 2423 2422 2424
f 2423 2424 2425
f 2425 2424 2426
f 2425 2426 2427
f 2427 2426 2428
f 2427 2428 2429
f 2429 2428 2430
f 2429 2430 2431
f 2431 2430 2432
f 2431 2432 2433
f 2433 2432 2434
f 2433 2434 2435
f 2435 2434 2436
f 2435 2436 2437
f 2437 2436 2438
f 2437 2438 2391
f 2391 2438 2392
f 2439 2440 2441
f 2441 2440 2442
f 2441 2442 2443
f 2443 2442 2444
f 2443 2444 2445
f 2445 2444 2446
f 2445 2446 2447
f 2447 2446 2448
f 2447 2448 2449
f 2449 2448 2450
f 2449 2450 2451
f 2451 2450 2452
f 2451 2452 2453
f 2453 2452 2454
f 2453 2454 2455
f 2455 2454 2456
f 2455 2456 2457
f 2457 2456 2458
f 2457 2458 2459
f 2459 2458 2460
f 2459 2460 2461
f 2461 2460 2462
f 2461 2462 2463
f 2463 2462 2464
f 2463 2464 2465
f 2465 2464 2466
f 2465 2466 2467
f 2467 2466 2468
f 2467 2468 2469
f 2469 2468 2470
f 2469 2470 2471
f 2471 2470 2472
f 2471 2472 2473
f 2473 2472 2474
f 2473 2474 2475
f 2475 2474 2476
f 2475 2476 2477
f 2477 2476 2478
f 2477 2478 2479
f 2479 2478 2480
f 2479 2480 2481
f 2481 2480 2482
f 2481 2482 2483
f 2483 2482 2484
f 2483 2484 2485
f 2485 2484 2486
f 2485 2486 2439
f 2439 2486 2440
f 2487 2488 2489
f 2489 2488 2490
f 2489 2490 2491
f 2491 2490 2492
f 2491 2492 2493
f 2493 2492 2494
f 2493 2494 2495
f 2495 2494 2496
f 2495 2496 2497
f 2497 2496 2498
f 2497 2498 2499
f 2499 2498 2500
f 2499 2500 2501
f 2501 2500 2502
f 2501 2502 2503
f 2503 2502 2504
f 2503 2504 2505
f 2505 2504 2506
f 2505 2506 2507
f 2507 2506 2508
f 2507 2508 2509
f 2509 2508 2510
f 2509 2510 2511
f 2511 2510 2512
f 2511 2512 2513
f 2513 2512 2514
f 2513 2514 2515
f 2515 2514 2516
f 2515 2516 2517
f 2517 2516 2518
f 2517 2518 2519
f 2519 2518 2520
f 2519 2520 2521
f 2521 2520 2522
f 2521 2522 2523
f 2523 2522 2524
f 2523 2524 2525
f 2525 2524 2526
f 2525 2526 2527
f 2527 2526 2528
f 2527 2528 2529
f 2529 2528 2530
f 2529 2530 2531
f 2531 2530 2532
f 2531 2532 2533
f 2533 2532 2534
f 2533 2534 2487
f 2487 2534 2488
f 2192 2191 2535
f 2535 2191 2536
f 2535 2536 2537
f 2537 2536 2538
f 2537 2538 2539
f 2539 2538 2540
f 2539 2540 2246
f 2246 2540 2245
f 2203 2204 2541
f 2541 2204 2542
f 2541 2542 2205
f 2205 2542 2206
f 2218 2543 2217
f 2217 2543 2544
f 2544 2543 2545
f 2544 2545 2546
f 2546 2545 2547
f 2546 2547 2548
f 2548 2547 2220
f 2548 2220 2219
f 2232 2549 2231
f 2231 2549 2550
f 2550 2549 2234
f 2550 2234 2233
f 2550 2293 2231
f 2231 2293 2247
f 2231 2247 2249
f 2233 2493 2550
f 2550 2493 2495
f 2550 2495 2497
f 2235 2237 2233
f 2233 2237 2239
f 2233 2239 2241
f 2241 2243 2233
f 2233 2243 2245
f 2233 2245 2489
f 2489 2245 2487
f 2487 2245 2533
f 2533 2245 2531
f 2531 2245 2529
f 2529 2245 2527
f 2527 2245 2525
f 2525 2245 2523
f 2523 2245 2540
f 2523 2540 2521
f 2521 2540 2519
f 2519 2540 2517
f 2517 2540 2515
f 2515 2540 2513
f 2513 2540 2511
f 2511 2540 2509
f 2509 2540 2551
f 2509 2551 2507
f 2507 2551 2552
f 2507 2552 2505
f 2505 2552 2503
f 2503 2552 2501
f 2501 2552 2499
f 2499 2552 2497
f 2497 2552 2550
f 2538 2439 2540
f 2540 2439 2441
f 2540 2441 2443
f 2536 2467 2538
f 2538 2467 2469
f 2538 2469 2471
f 2191 2431 2536
f 2536 2431 2433
f 2536 2433 2435
f 2193 2203 2191
f 2191 2203 2417
f 2191 2417 2419
f 2193 2195 2203
f 2203 2195 2197
f 2203 2197 2199
f 2199 2201 2203
f 2541 2413 2203
f 2203 2413 2415
f 2203 2415 2417
f 2205 2373 2541
f 2541 2373 2375
f 2541 2375 2377
f 2207 2209 2205
f 2205 2209 2211
f 2205 2211 2213
f 2213 2215 2205
f 2205 2215 2217
f 2205 2217 2369
f 2369 2217 2367
f 2367 2217 2365
f 2365 2217 2363
f 2363 2217 2361
f 2361 2217 2359
f 2359 2217 2357
f 2357 2217 2355
f 2355 2217 2544
f 2355 2544 2353
f 2353 2544 2351
f 2351 2544 2349
f 2349 2544 2347
f 2347 2544 2345
f 2345 2544 2343
f 2343 2544 2389
f 2389 2544 2553
f 2389 2553 2387
f 2387 2553 2385
f 2385 2553 2554
f 2385 2554 2383
f 2383 2554 2381
f 2381 2554 2379
f 2379 2554 2377
f 2377 2554 2541
f 2546 2319 2544
f 2544 2319 2321
f 2544 2321 2323
f 2548 2299 2546
f 2546 2299 2301
f 2546 2301 2303
f 2219 2263 2548
f 2548 2263 2265
f 2548 2265 2267
f 2221 2231 2219
f 2219 2231 2249
f 2219 2249 2251
f 2221 2223 2231
f 2231 2223 2225
f 2231 2225 2227
f 2227 2229 2231
f 2251 2253 2219
f 2219 2253 2255
f 2219 2255 2257
f 2257 2259 2219
f 2219 2259 2261
f 2219 2261 2263
f 2267 2269 2548
f 2548 2269 2271
f 2548 2271 2273
f 2273 2275 2548
f 2548 2275 2277
f 2548 2277 2551
f 2551 2277 2279
f 2551 2279 2552
f 2552 2279 2281
f 2552 2281 2283
f 2283 2285 2552
f 2552 2285 2287
f 2552 2287 2289
f 2552 2289 2550
f 2550 2289 2291
f 2550 2291 2293
f 2369 2371 2205
f 2205 2371 2373
f 2443 2445 2540
f 2540 2445 2551
f 2445 2447 2551
f 2551 2447 2555
f 2551 2555 2339
f 2339 2555 2337
f 2337 2555 2335
f 2335 2555 2333
f 2333 2555 2556
f 2333 2556 2331
f 2331 2556 2329
f 2329 2556 2327
f 2327 2556 2325
f 2325 2556 2553
f 2325 2553 2544
f 2447 2449 2555
f 2555 2449 2451
f 2555 2451 2453
f 2555 2453 2556
f 2556 2453 2455
f 2556 2455 2457
f 2457 2459 2556
f 2556 2459 2461
f 2556 2461 2553
f 2553 2461 2536
f 2553 2536 2397
f 2397 2536 2395
f 2395 2536 2393
f 2393 2536 2391
f 2391 2536 2437
f 2437 2536 2435
f 2461 2463 2536
f 2536 2463 2465
f 2536 2465 2467
f 2471 2473 2538
f 2538 2473 2475
f 2538 2475 2477
f 2477 2479 2538
f 2538 2479 2481
f 2538 2481 2483
f 2483 2485 2538
f 2538 2485 2439
f 2489 2491 2233
f 2233 2491 2493
f 2397 2399 2553
f 2553 2399 2401
f 2553 2401 2554
f 2554 2401 2403
f 2554 2403 2405
f 2405 2407 2554
f 2554 2407 2409
f 2554 2409 2541
f 2541 2409 2411
f 2541 2411 2413
f 2419 2421 2191
f 2191 2421 2423
f 2191 2423 2425
f 2425 2427 2191
f 2191 2427 2429
f 2191 2429 2431
f 2295 2297 2548
f 2548 2297 2299
f 2303 2305 2546
f 2546 2305 2307
f 2546 2307 2309
f 2309 2311 2546
f 2546 2311 2313
f 2546 2313 2315
f 2315 2317 2546
f 2546 2317 2319
f 2323 2325 2544
f 2339 2341 2551
f 2551 2341 2548
f 2341 2295 2548
f 2535 2432 2192
f 2192 2432 2430
f 2192 2430 2428
f 2537 2468 2535
f 2535 2468 2466
f 2535 2466 2464
f 2539 2440 2537
f 2537 2440 2486
f 2537 2486 2484
f 2246 2524 2539
f 2539 2524 2522
f 2539 2522 2520
f 2244 2234 2246
f 2246 2234 2490
f 2246 2490 2488
f 2244 2242 2234
f 2234 2242 2240
f 2234 2240 2238
f 2238 2236 2234
f 2549 2494 2234
f 2234 2494 2492
f 2234 2492 2490
f 2232 2294 2549
f 2549 2294 2292
f 2549 2292 2290
f 2230 2228 2232
f 2232 2228 2226
f 2232 2226 2224
f 2224 2222 2232
f 2232 2222 2220
f 2232 2220 2250
f 2250 2220 2252
f 2252 2220 2254
f 2254 2220 2256
f 2256 2220 2258
f 2258 2220 2260
f 2260 2220 2262
f 2262 2220 2264
f 2264 2220 2547
f 2264 2547 2266
f 2266 2547 2268
f 2268 2547 2270
f 2270 2547 2272
f 2272 2547 2274
f 2274 2547 2276
f 2276 2547 2278
f 2278 2547 2557
f 2278 2557 2280
f 2280 2557 2558
f 2280 2558 2282
f 2282 2558 2284
f 2284 2558 2286
f 2286 2558 2288
f 2288 2558 2290
f 2290 2558 2549
f 2545 2300 2547
f 2547 2300 2298
f 2547 2298 2296
f 2543 2320 2545
f 2545 2320 2318
f 2545 2318 2316
f 2218 2356 2543
f 2543 2356 2354
f 2543 2354 2352
f 2216 2206 2218
f 2218 2206 2370
f 2218 2370 2368
f 2216 2214 2206
f 2206 2214 2212
f 2206 2212 2210
f 2210 2208 2206
f 2542 2374 2206
f 2206 2374 2372
f 2206 2372 2370
f 2204 2414 2542
f 2542 2414 2412
f 2542 2412 2410
f 2202 2200 2204
f 2204 2200 2198
f 2204 2198 2196
f 2196 2194 2204
f 2204 2194 2192
f 2204 2192 2418
f 2418 2192 2420
f 2420 2192 2422
f 2422 2192 2424
f 2424 2192 2426
f 2426 2192 2428
f 2250 2248 2232
f 2232 2248 2294
f 2296 2342 2547
f 2547 2342 2557
f 2342 2340 2557
f 2557 2340 2559
f 2557 2559 2448
f 2448 2559 2450
f 2450 2559 2452
f 2452 2559 2454
f 2454 2559 2560
f 2454 2560 2456
f 2456 2560 2458
f 2458 2560 2460
f 2460 2560 2462
f 2462 2560 2561
f 2462 2561 2535
f 2535 2561 2398
f 2535 2398 2396
f 2340 2338 2559
f 2559 2338 2336
f 2559 2336 2334
f 2559 2334 2560
f 2560 2334 2332
f 2560 2332 2330
f 2330 2328 2560
f 2560 2328 2326
f 2560 2326 2561
f 2561 2326 2543
f 2561 2543 2390
f 2390 2543 2344
f 2344 2543 2346
f 2346 2543 2348
f 2348 2543 2350
f 2350 2543 2352
f 2326 2324 2543
f 2543 2324 2322
f 2543 2322 2320
f 2316 2314 2545
f 2545 2314 2312
f 2545 2312 2310
f 2310 2308 2545
f 2545 2308 2306
f 2545 2306 2304
f 2304 2302 2545
f 2545 2302 2300
f 2390 2388 2561
f 2561 2388 2386
f 2561 2386 2562
f 2562 2386 2384
f 2562 2384 2382
f 2382 2380 2562
f 2562 2380 2378
f 2562 2378 2542
f 2542 2378 2376
f 2542 2376 2374
f 2368 2366 2218
f 2218 2366 2364
f 2218 2364 2362
f 2362 2360 2218
f 2218 2360 2358
f 2218 2358 2356
f 2396 2394 2535
f 2535 2394 2392
f 2535 2392 2438
f 2438 2436 2535
f 2535 2436 2434
f 2535 2434 2432
f 2418 2416 2204
f 2204 2416 2414
f 2542 2410 2562
f 2562 2410 2408
f 2562 2408 2406
f 2406 2404 2562
f 2562 2404 2402
f 2562 2402 2561
f 2561 2402 2400
f 2561 2400 2398
f 2444 2442 2539
f 2539 2442 2440
f 2484 2482 2537
f 2537 2482 2480
f 2537 2480 2478
f 2478 2476 2537
f 2537 2476 2474
f 2537 2474 2472
f 2472 2470 2537
f 2537 2470 2468
f 2464 2462 2535
f 2448 2446 2557
f 2557 2446 2539
f 2557 2539 2510
f 2510 2539 2512
f 2512 2539 2514
f 2514 2539 2516
f 2516 2539 2518
f 2518 2539 2520
f 2446 2444 2539
f 2488 2534 2246
f 2246 2534 2532
f 2246 2532 2530
f 2530 2528 2246
f 2246 2528 2526
f 2246 2526 2524
f 2510 2508 2557
f 2557 2508 2558
f 2508 2506 2558
f 2558 2506 2504
f 2558 2504 2502
f 2502 2500 2558
f 2558 2500 2498
f 2558 2498 2549
f 2549 2498 2496
f 2549 2496 2494
g 103

v -105.919060 57.762695 43.171341
v -105.919060 57.512695 43.171341
v -105.903236 57.762695 43.254696
v -105.903236 57.512695 43.254696
v -105.909523 57.762695 43.339306
v -105.909523 57.512695 43.339306
v -105.937492 57.762695 43.419403
v -105.937492 57.512695 43.419403
v -105.985245 57.762695 43.489532
v -105.985245 57.512695 43.489532
v -106.049522 57.762695 43.544910
v -106.049522 57.512695 43.544910
v -106.125938 57.762695 43.581768
v -106.125938 57.512695 43.581768
v -106.209290 57.762695 43.597591
v -106.209290 57.512695 43.597591
v -106.293900 57.762695 43.591305
v -106.293900 57.512695 43.591305
v -106.374001 57.762695 43.563332
v -106.374001 57.512695 43.563332
v -106.444130 57.762695 43.515579
v -106.444130 57.512695 43.515579
v -106.499512 57.762695 43.451305
v -106.499512 57.512695 43.451305
v -106.536369 57.762695 43.374889
v -106.536369 57.512695 43.374889
v -106.552193 57.762695 43.291534
v -106.552193 57.512695 43.291534
v -106.545898 57.762695 43.206928
v -106.545898 57.512695 43.206928
v -106.517929 57.762695 43.126831
v -106.517929 57.512695 43.126831
v -106.470177 57.762695 43.056702
v -106.470177 57.512695 43.056702
v -106.405907 57.762695 43.001320
v -106.405907 57.512695 43.001320
v -106.329483 57.762695 42.964462
v -106.329483 57.512695 42.964462
v -106.246132 57.762695 42.948639
v -106.246132 57.512695 42.948639
v -106.161522 57.762695 42.954926
v -106.161522 57.512695 42.954926
v -106.081429 57.762695 42.982899
v -106.081429 57.512695 42.982899
v -106.011299 57.762695 43.030651
v -106.011299 57.512695 43.030651
v -105.955917 57.762695 43.094925
v -105.955917 57.512695 43.094925
v -106.174110 57.762695 38.678577
v -106.174110 57.512695 38.678577
v -106.158287 57.762695 38.761929
v -106.158287 57.512695 38.761929
v -106.164581 57.762695 38.846539
v -106.164581 57.512695 38.846539
v -106.192551 57.762695 38.926636
v -106.192551 57.512695 38.926636
v -106.240303 57.762695 38.996765
v -106.240303 57.512695 38.996765
v -106.304573 57.762695 39.052143
v -106.304573 57.512695 39.052143
v -106.380997 57.762695 39.089005
v -106.380997 57.512695 39.089005
v -106.464348 57.762695 39.104828
v -106.464348 57.512695 39.104828
v -106.548958 57.762695 39.098537
v -106.548958 57.512695 39.098537
v -106.629051 57.762695 39.070564
v -106.629051 57.512695 39.070564
v -106.699181 57.762695 39.022816
v -106.699181 57.512695 39.022816
v -106.754562 57.762695 38.958542
v -106.754562 57.512695 38.958542
v -106.791420 57.762695 38.882126
v -106.791420 57.512695 38.882126
v -106.807243 57.762695 38.798771
v -106.807243 57.512695 38.798771
v -106.800957 57.762695 38.714161
v -106.800957 57.512695 38.714161
v -106.772980 57.762695 38.634064
v -106.772980 57.512695 38.634064
v -106.725235 57.762695 38.563934
v -106.725235 57.512695 38.563934
v -106.660957 57.762695 38.508553
v -106.660957 57.512695 38.508553
v -106.584541 57.762695 38.471695
v -106.584541 57.512695 38.471695
v -106.501190 57.762695 38.455872
v -106.501190 57.512695 38.455872
v -106.416580 57.762695 38.462162
v -106.416580 57.512695 38.462162
v -106.336479 57.762695 38.490135
v -106.336479 57.512695 38.490135
v -106.266350 57.762695 38.537884
v -106.266350 57.512695 38.537884
v -106.210976 57.762695 38.602158
v -106.210976 57.512695 38.602158
v -129.024567 57.279732 34.271336
v -129.274170 57.279732 34.285503
v -129.017242 57.262695 34.400536
v -129.266830 57.262695 34.414707
v -129.009903 57.279732 34.529736
v -129.259491 57.279732 34.543907
v -129.003067 57.329681 34.650135
v -129.252670 57.329681 34.664303
v -128.997192 57.409142 34.753521
v -129.246796 57.409142 34.767693
v -128.992691 57.512695 34.832851
v -129.242294 57.512695 34.847023
v -128.989868 57.633286 34.882721
v -129.239456 57.633286 34.896893
v -128.988892 57.762695 34.899731
v -129.238495 57.762695 34.913902
v -128.989868 57.892105 34.882721
v -129.239456 57.892105 34.896893
v -128.992691 58.012695 34.832851
v -129.242294 58.012695 34.847023
v -128.997192 58.116249 34.753521
v -129.246796 58.116249 34.767693
v -129.003067 58.195709 34.650135
v -129.252670 58.195709 34.664303
v -129.009903 58.245659 34.529736
v -129.259491 58.245659 34.543907
v -129.017242 58.262695 34.400536
v -129.266830 58.262695 34.414707
v -129.024567 58.245659 34.271336
v -129.274170 58.245659 34.285503
v -129.031403 58.195709 34.150936
v -129.281006 58.195709 34.165108
v -129.037277 58.116249 34.047550
v -129.286865 58.116249 34.061722
v -129.041779 58.012695 33.968220
v -129.291382 58.012695 33.982388
v -129.044601 57.892105 33.918350
v -129.294205 57.892105 33.932518
v -129.045578 57.762695 33.901340
v -129.295166 57.762695 33.915508
v -129.044601 57.633286 33.918350
v -129.294205 57.633286 33.932518
v -129.041779 57.512695 33.968220
v -129.291382 57.512695 33.982388
v -129.037277 57.409142 34.047550
v -129.286865 57.409142 34.061722
v -129.031403 57.329681 34.150936
v -129.281006 57.329681 34.165108
v -128.578278 57.183140 42.132793
v -128.827866 57.183140 42.146965
v -128.569473 57.162697 42.287834
v -128.819077 57.162697 42.302006
v -128.560669 57.183140 42.442879
v -128.810272 57.183140 42.457047
v -128.552475 57.243080 42.587353
v -128.802063 57.243080 42.601524
v -128.545425 57.338432 42.711418
v -128.795029 57.338432 42.725590
v -128.540024 57.462696 42.806618
v -128.789612 57.462696 42.820786
v -128.536621 57.607403 42.866459
v -128.786224 57.607403 42.880630
v -128.535461 57.762695 42.886871
v -128.785065 57.762695 42.901043
v -128.536621 57.917988 42.866459
v -128.786224 57.917988 42.880630
v -128.540024 58.062695 42.806618
v -128.789612 58.062695 42.820786
v -128.545425 58.186958 42.711418
v -128.795029 58.186958 42.725590
v -128.552475 58.282310 42.587353
v -128.802063 58.282310 42.601524
v -128.560669 58.342251 42.442879
v -128.810272 58.342251 42.457047
v -128.569473 58.362694 42.287834
v -128.819077 58.362694 42.302006
v -128.578278 58.342251 42.132793
v -128.827866 58.342251 42.146965
v -128.586472 58.282310 41.988319
v -128.836075 58.282310 42.002487
v -128.593521 58.186958 41.864254
v -128.843124 58.186958 41.878426
v -128.598923 58.062695 41.769058
v -128.848526 58.062695 41.783226
v -128.602325 57.917988 41.709213
v -128.851913 57.917988 41.723381
v -128.603485 57.762695 41.688801
v -128.853073 57.762695 41.702972
v -128.602325 57.607403 41.709213
v -128.851913 57.607403 41.723381
v -128.598923 57.462696 41.769058
v -128.848526 57.462696 41.783226
v -128.593521 57.338432 41.864254
v -128.843124 57.338432 41.878426
v -128.586472 57.243080 41.988319
v -128.836075 57.243080 42.002487
v -129.053070 56.775928 33.769199
v -129.302673 56.775928 33.783371
v -129.051239 56.771671 33.801502
v -129.300842 56.771671 33.815670
v -129.049408 56.775928 33.833801
v -129.299011 56.775928 33.847973
v -129.047699 56.788418 33.863899
v -129.297302 56.788418 33.878071
v -129.046234 56.808281 33.889748
v -129.295837 56.808281 33.903915
v -129.045105 56.834171 33.909580
v -129.294708 56.834171 33.923748
v -129.044403 56.864319 33.922047
v -129.293991 56.864319 33.936218
v -129.044159 56.896671 33.926300
v -129.293762 56.896671 33.940468
v -129.044403 56.929024 33.922047
v -129.293991 56.929024 33.936218
v -129.045105 56.959171 33.909580
v -129.294708 56.959171 33.923748
v -129.046234 56.985058 33.889748
v -129.295837 56.985058 33.903915
v -129.047699 57.004925 33.863899
v -129.297302 57.004925 33.878071
v -129.049408 57.017410 33.833801
v -129.299011 57.017410 33.847973
v -129.051239 57.021671 33.801502
v -129.300842 57.021671 33.815670
v -129.053070 57.017410 33.769199
v -129.302673 57.017410 33.783371
v -129.054779 57.004925 33.739101
v -129.304382 57.004925 33.753269
v -129.056259 56.985058 33.713253
v -129.305847 56.985058 33.727425
v -129.057373 56.959171 33.693420
v -129.306976 56.959171 33.707592
v -129.058090 56.929024 33.680954
v -129.307678 56.929024 33.695126
v -129.058334 56.896671 33.676701
v -129.307922 56.896671 33.690872
v -129.058090 56.864319 33.680954
v -129.307678 56.864319 33.695126
v -129.057373 56.834171 33.693420
v -129.306976 56.834171 33.707592
v -129.056259 56.808281 33.713253
v -129.305847 56.808281 33.727425
v -129.054779 56.788418 33.739101
v -129.304382 56.788418 33.753269
v -128.968063 57.641953 35.266788
v -129.217651 57.641953 35.280956
v -128.966217 57.637695 35.299088
v -129.215820 57.637695 35.313259
v -128.964386 57.641953 35.331390
v -129.213989 57.641953 35.345558
v -128.962677 57.654442 35.361488
v -129.212280 57.654442 35.375656
v -128.961212 57.674309 35.387337
v -129.210815 57.674309 35.401505
v -128.960083 57.700195 35.407169
v -129.209686 57.700195 35.421337
v -128.959381 57.730343 35.419636
v -129.208984 57.730343 35.433804
v -128.959137 57.762695 35.423889
v -129.208740 57.762695 35.438057
v -128.959381 57.795048 35.419636
v -129.208984 57.795048 35.433804
v -128.960083 57.825195 35.407169
v -129.209686 57.825195 35.421337
v -128.961212 57.851082 35.387337
v -129.210815 57.851082 35.401505
v -128.962677 57.870949 35.361488
v -129.212280 57.870949 35.375656
v -128.964386 57.883434 35.331390
v -129.213989 57.883434 35.345558
v -128.966217 57.887695 35.299088
v -129.215820 57.887695 35.313259
v -128.968063 57.883434 35.266788
v -129.217651 57.883434 35.280956
v -128.969772 57.870949 35.236691
v -129.219360 57.870949 35.250858
v -128.971237 57.851082 35.210842
v -129.220825 57.851082 35.225014
v -128.972366 57.825195 35.191010
v -129.221954 57.825195 35.205181
v -128.973068 57.795048 35.178543
v -129.222672 57.795048 35.192711
v -128.973312 57.762695 35.174290
v -129.222900 57.762695 35.188461
v -128.973068 57.730343 35.178543
v -129.222672 57.730343 35.192711
v -128.972366 57.700195 35.191010
v -129.221954 57.700195 35.205181
v -128.971237 57.674309 35.210842
v -129.220825 57.674309 35.225014
v -128.969772 57.654442 35.236691
v -129.219360 57.654442 35.250858
v -129.053070 58.507980 33.769199
v -129.302673 58.507980 33.783371
v -129.051239 58.503719 33.801502
v -129.300842 58.503719 33.815670
v -129.049408 58.507980 33.833801
v -129.299011 58.507980 33.847973
v -129.047699 58.520466 33.863899
v -129.297302 58.520466 33.878071
v -129.046234 58.540333 33.889748
v -129.295837 58.540333 33.903915
v -129.045105 58.566219 33.909580
v -129.294708 58.566219 33.923748
v -129.044403 58.596367 33.922047
v -129.293991 58.596367 33.936218
v -129.044159 58.628719 33.926300
v -129.293762 58.628719 33.940468
v -129.044403 58.661072 33.922047
v -129.293991 58.661072 33.936218
v -129.045105 58.691219 33.909580
v -129.294708 58.691219 33.923748
v -129.046234 58.717110 33.889748
v -129.295837 58.717110 33.903915
v -129.047699 58.736973 33.863899
v -129.297302 58.736973 33.878071
v -129.049408 58.749462 33.833801
v -129.299011 58.749462 33.847973
v -129.051239 58.753719 33.801502
v -129.300842 58.753719 33.815670
v -129.053070 58.749462 33.769199
v -129.302673 58.749462 33.783371
v -129.054779 58.736973 33.739101
v -129.304382 58.736973 33.753269
v -129.056259 58.717110 33.713253
v -129.305847 58.717110 33.727425
v -129.057373 58.691219 33.693420
v -129.306976 58.691219 33.707592
v -129.058090 58.661072 33.680954
v -129.307678 58.661072 33.695126
v -129.058334 58.628719 33.676701
v -129.307922 58.628719 33.690872
v -129.058090 58.596367 33.680954
v -129.307678 58.596367 33.695126
v -129.057373 58.566219 33.693420
v -129.306976 58.566219 33.707592
v -129.056259 58.540333 33.713253
v -129.305847 58.540333 33.727425
v -129.054779 58.520466 33.739101
v -129.304382 58.520466 33.753269
v -108.352028 57.762695 41.140091
v -108.352028 57.512695 41.140091
v -108.558533 57.762695 43.255981
v -108.558533 57.512695 43.255981
v -109.047806 57.762695 45.324856
v -109.047806 57.512695 45.324856
v -109.810944 57.762695 47.309109
v -109.810944 57.512695 47.309109
v -110.834076 57.762695 49.172665
v -110.834076 57.512695 49.172665
v -112.098602 57.762695 50.881645
v -112.098602 57.512695 50.881645
v -113.581528 57.762695 52.404984
v -113.581528 57.512695 52.404984
v -115.255898 57.762695 53.714989
v -115.255898 57.512695 53.714989
v -117.091278 57.762695 54.787842
v -117.091278 57.512695 54.787842
v -119.054306 57.762695 55.604042
v -119.054306 57.512695 55.604042
v -121.109283 57.762695 56.148746
v -121.109283 57.512695 56.148746
v -123.218857 57.762695 56.412060
v -123.218857 57.512695 56.412060
v -127.503426 57.512695 56.655296
v -127.503426 57.762695 56.655296
v -127.568031 57.504177 56.658962
v -127.632629 57.745659 56.662632
v -127.753029 57.695709 56.669464
v -127.628227 57.479202 56.662380
v -127.856415 57.616249 56.675335
v -127.679916 57.439472 56.665318
v -127.935745 57.512695 56.679840
v -127.719589 57.387695 56.667568
v -127.985611 57.392105 56.682671
v -127.744522 57.327400 56.668983
v -128.002625 57.262695 56.683636
v -127.753029 57.262695 56.669464
v -127.816048 57.262695 55.559326
v -128.065643 57.262695 55.573498
v -127.816048 59.762695 55.559326
v -128.065643 59.762695 55.573498
v -128.318329 59.762695 46.711666
v -128.567932 59.762695 46.725838
v -128.820618 59.762695 37.864006
v -129.070206 59.762695 37.878178
v -129.322891 59.762695 29.016346
v -129.572495 59.762695 29.030516
v -129.322891 57.262695 29.016346
v -129.572495 57.262695 29.030516
v -129.385925 57.262695 27.906206
v -129.635513 57.262695 27.920378
v -129.618500 57.392105 27.919411
v -129.377411 57.327400 27.905724
v -129.352478 57.387695 27.904308
v -129.568634 57.512695 27.916580
v -129.312820 57.439472 27.902058
v -129.489304 57.616249 27.912077
v -129.261124 57.479202 27.899122
v -129.385925 57.695709 27.906206
v -129.200928 57.504177 27.895704
v -129.265518 57.745659 27.899372
v -129.136322 57.762695 27.892036
v -129.136322 57.512695 27.892036
v -124.851746 57.512695 27.648802
v -124.851746 57.762695 27.648802
v -129.494720 57.262695 25.989799
v -129.494720 56.595768 25.989799
v -129.744308 57.262695 26.003967
v -129.744308 56.595768 26.003967
v -129.726212 56.247089 26.322767
v -129.476608 56.247089 26.308598
v -129.703979 55.983109 26.714375
v -129.454376 55.983109 26.700205
v -129.678864 55.818581 27.156910
v -129.429260 55.818581 27.142738
v -129.652252 55.762695 27.625637
v -129.402649 55.762695 27.611467
v -128.847198 55.762695 37.395714
v -129.096802 55.762695 37.409882
v -128.291748 55.762695 47.179958
v -128.541351 55.762695 47.194130
v -127.736290 55.762695 56.964207
v -127.985893 55.762695 56.978374
v -127.959282 55.818581 57.447105
v -127.709686 55.818581 57.432934
v -127.934158 55.983109 57.889637
v -127.684563 55.983109 57.875469
v -127.911926 56.247089 58.281246
v -127.662331 56.247089 58.267075
v -127.893829 56.595768 58.600044
v -127.644234 56.595768 58.585873
v -127.644234 57.262695 58.585873
v -127.893829 57.262695 58.600044
v -127.876823 57.392105 58.599079
v -127.635727 57.327400 58.585392
v -127.610794 57.387695 58.583977
v -127.826950 57.512695 58.596249
v -127.571129 57.439472 58.581722
v -127.747620 57.616249 58.591743
v -127.519432 57.479202 58.578789
v -127.644234 57.695709 58.585873
v -127.459236 57.504177 58.575371
v -127.523834 57.745659 58.579041
v -127.394630 57.762695 58.571705
v -127.394630 57.512695 58.571705
v -120.112495 57.512695 58.158298
v -120.112495 57.762695 58.158298
v -117.947014 57.762695 57.900913
v -117.947014 57.512695 57.900913
v -115.829567 57.512695 57.379398
v -115.829567 57.762695 57.379398
v -113.792252 57.512695 56.601658
v -113.792252 57.762695 56.601658
v -111.865936 57.512695 55.579475
v -111.865936 57.762695 55.579475
v -110.079819 57.512695 54.328342
v -110.079819 57.762695 54.328342
v -108.460960 57.512695 52.867222
v -108.460960 57.762695 52.867222
v -107.033913 57.512695 51.218258
v -107.033913 57.762695 51.218258
v -105.820297 57.512695 49.406441
v -105.820297 57.762695 49.406441
v -104.838493 57.512695 47.459232
v -104.838493 57.762695 47.459232
v -104.103401 57.762695 45.406139
v -104.103401 57.512695 45.406139
v -104.613510 57.512695 36.420609
v -104.613510 57.762695 36.420609
v -105.576241 57.762695 34.463902
v -105.576241 57.512695 34.463902
v -106.772110 57.512695 32.640320
v -106.772110 57.762695 32.640320
v -108.182983 57.512695 30.977497
v -108.182983 57.762695 30.977497
v -109.787483 57.512695 29.500635
v -109.787483 57.762695 29.500635
v -111.561302 57.512695 28.232117
v -111.561302 57.762695 28.232117
v -113.477539 57.512695 27.191168
v -113.477539 57.762695 27.191168
v -115.507164 57.512695 26.393562
v -115.507164 57.762695 26.393562
v -117.619415 57.512695 25.851393
v -117.619415 57.762695 25.851393
v -119.782280 57.512695 25.572870
v -119.782280 57.762695 25.572870
v -121.962975 57.762695 25.562222
v -121.962975 57.512695 25.562222
v -129.245117 57.512695 25.975630
v -129.245117 57.762695 25.975630
v -122.725929 57.762695 27.671671
v -122.725929 57.512695 27.671671
v -120.622505 57.762695 27.980305
v -120.622505 57.512695 27.980305
v -118.579720 57.762695 28.569094
v -118.579720 57.512695 28.569094
v -116.634712 57.762695 29.427334
v -116.634712 57.512695 29.427334
v -114.822838 57.762695 30.539423
v -114.822838 57.512695 30.539423
v -113.177032 57.762695 31.885143
v -113.177032 57.512695 31.885143
v -111.727219 57.762695 33.440033
v -111.727219 57.512695 33.440033
v -110.499756 57.762695 35.175823
v -110.499756 57.512695 35.175823
v -109.516953 57.762695 37.060959
v -109.516953 57.512695 37.060959
v -108.796677 57.762695 39.061169
v -108.796677 57.512695 39.061169
v -129.309723 57.504177 25.979296
v -129.374313 57.745659 25.982964
v -129.494720 57.695709 25.989799
v -129.369919 57.479202 25.982714
v -129.598099 57.616249 25.995668
v -129.421600 57.439472 25.985647
v -129.677429 57.512695 26.000172
v -129.461273 57.387695 25.987900
v -129.727295 57.392105 26.003002
v -129.486206 57.327400 25.989317
v -108.261284 57.762695 35.684750
v -105.105225 57.762695 46.405956
v -105.722054 57.512695 35.540600
v -107.644455 57.512695 46.550110
v -127.513634 57.504177 57.617168
v -127.573830 57.479202 57.620586
v -127.625526 57.439472 57.623520
v -127.665192 57.387695 57.625771
v -127.690125 57.327400 57.627186
v -129.255325 57.504177 26.937502
v -129.315521 57.479202 26.940918
v -129.367203 57.439472 26.943853
v -129.406876 57.387695 26.946104
v -129.431808 57.327400 26.947519
f 2563 2564 2565
f 2565 2564 2566
f 2565 2566 2567
f 2567 2566 2568
f 2567 2568 2569
f 2569 2568 2570
f 2569 2570 2571
f 2571 2570 2572
f 2571 2572 2573
f 2573 2572 2574
f 2573 2574 2575
f 2575 2574 2576
f 2575 2576 2577
f 2577 2576 2578
f 2577 2578 2579
f 2579 2578 2580
f 2579 2580 2581
f 2581 2580 2582
f 2581 2582 2583
f 2583 2582 2584
f 2583 2584 2585
f 2585 2584 2586
f 2585 2586 2587
f 2587 2586 2588
f 2587 2588 2589
f 2589 2588 2590
f 2589 2590 2591
f 2591 2590 2592
f 2591 2592 2593
f 2593 2592 2594
f 2593 2594 2595
f 2595 2594 2596
f 2595 2596 2597
f 2597 2596 2598
f 2597 2598 2599
f 2599 2598 2600
f 2599 2600 2601
f 2601 2600 2602
f 2601 2602 2603
f 2603 2602 2604
f 2603 2604 2605
f 2605 2604 2606
f 2605 2606 2607
f 2607 2606 2608
f 2607 2608 2609
f 2609 2608 2610
f 2609 2610 2563
f 2563 2610 2564
f 2611 2612 2613
f 2613 2612 2614
f 2613 2614 2615
f 2615 2614 2616
f 2615 2616 2617
f 2617 2616 2618
f 2617 2618 2619
f 2619 2618 2620
f 2619 2620 2621
f 2621 2620 2622
f 2621 2622 2623
f 2623 2622 2624
f 2623 2624 2625
f 2625 2624 2626
f 2625 2626 2627
f 2627 2626 2628
f 2627 2628 2629
f 2629 2628 2630
f 2629 2630 2631
f 2631 2630 2632
f 2631 2632 2633
f 2633 2632 2634
f 2633 2634 2635
f 2635 2634 2636
f 2635 2636 2637
f 2637 2636 2638
f 2637 2638 2639
f 2639 2638 2640
f 2639 2640 2641
f 2641 2640 2642
f 2641 2642 2643
f 2643 2642 2644
f 2643 2644 2645
f 2645 2644 2646
f 2645 2646 2647
f 2647 2646 2648
f 2647 2648 2649
f 2649 2648 2650
f 2649 2650 2651
f 2651 2650 2652
f 2651 2652 2653
f 2653 2652 2654
f 2653 2654 2655
f 2655 2654 2656
f 2655 2656 2657
f 2657 2656 2658
f 2657 2658 2611
f 2611 2658 2612
f 2659 2660 2661
f 2661 2660 2662
f 2661 2662 2663
f 2663 2662 2664
f 2663 2664 2665
f 2665 2664 2666
f 2665 2666 2667
f 2667 2666 2668
f 2667 2668 2669
f 2669 2668 2670
f 2669 2670 2671
f 2671 2670 2672
f 2671 2672 2673
f 2673 2672 2674
f 2673 2674 2675
f 2675 2674 2676
f 2675 2676 2677
f 2677 2676 2678
f 2677 2678 2679
f 2679 2678 2680
f 2679 2680 2681
f 2681 2680 2682
f 2681 2682 2683
f 2683 2682 2684
f 2683 2684 2685
f 2685 2684 2686
f 2685 2686 2687
f 2687 2686 2688
f 2687 2688 2689
f 2689 2688 2690
f 2689 2690 2691
f 2691 2690 2692
f 2691 2692 2693
f 2693 2692 2694
f 2693 2694 2695
f 2695 2694 2696
f 2695 2696 2697
f 2697 2696 2698
f 2697 2698 2699
f 2699 2698 2700
f 2699 2700 2701
f 2701 2700 2702
f 2701 2702 2703
f 2703 2702 2704
f 2703 2704 2705
f 2705 2704 2706
f 2705 2706 2659
f 2659 2706 2660
f 2707 2708 2709
f 2709 2708 2710
f 2709 2710 2711
f 2711 2710 2712
f 2711 2712 2713
f 2713 2712 2714
f 2713 2714 2715
f 2715 2714 2716
f 2715 2716 2717
f 2717 2716 2718
f 2717 2718 2719
f 2719 2718 2720
f 2719 2720 2721
f 2721 2720 2722
f 2721 2722 2723
f 2723 2722 2724
f 2723 2724 2725
f 2725 2724 2726
f 2725 2726 2727
f 2727 2726 2728
f 2727 2728 2729
f 2729 2728 2730
f 2729 2730 2731
f 2731 2730 2732
f 2731 2732 2733
f 2733 2732 2734
f 2733 2734 2735
f 2735 2734 2736
f 2735 2736 2737
f 2737 2736 2738
f 2737 2738 2739
f 2739 2738 2740
f 2739 2740 2741
f 2741 2740 2742
f 2741 2742 2743
f 2743 2742 2744
f 2743 2744 2745
f 2745 2744 2746
f 2745 2746 2747
f 2747 2746 2748
f 2747 2748 2749
f 2749 2748 2750
f 2749 2750 2751
f 2751 2750 2752
f 2751 2752 2753
f 2753 2752 2754
f 2753 2754 2707
f 2707 2754 2708
f 2755 2756 2757
f 2757 2756 2758
f 2757 2758 2759
f 2759 2758 2760
f 2759 2760 2761
f 2761 2760 2762
f 2761 2762 2763
f 2763 2762 2764
f 2763 2764 2765
f 2765 2764 2766
f 2765 2766 2767
f 2767 2766 2768
f 2767 2768 2769
f 2769 2768 2770
f 2769 2770 2771
f 2771 2770 2772
f 2771 2772 2773
f 2773 2772 2774
f 2773 2774 2775
f 2775 2774 2776
f 2775 2776 2777
f 2777 2776 2778
f 2777 2778 2779
f 2779 2778 2780
f 2779 2780 2781
f 2781 2780 2782
f 2781 2782 2783
f 2783 2782 2784
f 2783 2784 2785
f 2785 2784 2786
f 2785 2786 2787
f 2787 2786 2788
f 2787 2788 2789
f 2789 2788 2790
f 2789 2790 2791
f 2791 2790 2792
f 2791 2792 2793
f 2793 2792 2794
f 2793 2794 2795
f 2795 2794 2796
f 2795 2796 2797
f 2797 2796 2798
f 2797 2798 2799
f 2799 2798 2800
f 2799 2800 2801
f 2801 2800 2802
f 2801 2802 2755
f 2755 2802 2756
f 2803 2804 2805
f 2805 2804 2806
f 2805 2806 2807
f 2807 2806 2808
f 2807 2808 2809
f 2809 2808 2810
f 2809 2810 2811
f 2811 2810 2812
f 2811 2812 2813
f 2813 2812 2814
f 2813 2814 2815
f 2815 2814 2816
f 2815 2816 2817
f 2817 2816 2818
f 2817 2818 2819
f 2819 2818 2820
f 2819 2820 2821
f 2821 2820 2822
f 2821 2822 2823
f 2823 2822 2824
f 2823 2824 2825
f 2825 2824 2826
f 2825 2826 2827
f 2827 2826 2828
f 2827 2828 2829
f 2829 2828 2830
f 2829 2830 2831
f 2831 2830 2832
f 2831 2832 2833
f 2833 2832 2834
f 2833 2834 2835
f 2835 2834 2836
f 2835 2836 2837
f 2837 2836 2838
f 2837 2838 2839
f 2839 2838 2840
f 2839 2840 2841
f 2841 2840 2842
f 2841 2842 2843
f 2843 2842 2844
f 2843 2844 2845
f 2845 2844 2846
f 2845 2846 2847
f 2847 2846 2848
f 2847 2848 2849
f 2849 2848 2850
f 2849 2850 2803
f 2803 2850 2804
f 2851 2852 2853
f 2853 2852 2854
f 2853 2854 2855
f 2855 2854 2856
f 2855 2856 2857
f 2857 2856 2858
f 2857 2858 2859
f 2859 2858 2860
f 2859 2860 2861
f 2861 2860 2862
f 2861 2862 2863
f 2863 2862 2864
f 2863 2864 2865
f 2865 2864 2866
f 2865 2866 2867
f 2867 2866 2868
f 2867 2868 2869
f 2869 2868 2870
f 2869 2870 2871
f 2871 2870 2872
f 2871 2872 2873
f 2873 2872 2874
f 2873 2874 2875
f 2875 2874 2876
f 2875 2876 2877
f 2877 2876 2878
f 2877 2878 2879
f 2879 2878 2880
f 2879 2880 2881
f 2881 2880 2882
f 2881 2882 2883
f 2883 2882 2884
f 2883 2884 2885
f 2885 2884 2886
f 2885 2886 2887
f 2887 2886 2888
f 2887 2888 2889
f 2889 2888 2890
f 2889 2890 2891
f 2891 2890 2892
f 2891 2892 2893
f 2893 2892 2894
f 2893 2894 2895
f 2895 2894 2896
f 2895 2896 2897
f 2897 2896 2898
f 2897 2898 2851
f 2851 2898 2852
f 2899 2900 2901
f 2901 2900 2902
f 2901 2902 2903
f 2903 2902 2904
f 2903 2904 2905
f 2905 2904 2906
f 2905 2906 2907
f 2907 2906 2908
f 2907 2908 2909
f 2909 2908 2910
f 2909 2910 2911
f 2911 2910 2912
f 2911 2912 2913
f 2913 2912 2914
f 2913 2914 2915
f 2915 2914 2916
f 2915 2916 2917
f 2917 2916 2918
f 2917 2918 2919
f 2919 2918 2920
f 2919 2920 2921
f 2921 2920 2922
f 2922 2923 2921
f 2921 2923 2924
f 2923 2925 2924
f 2924 2925 2926
f 2926 2925 2927
f 2927 2925 2928
f 2927 2928 2929
f 2929 2928 2930
f 2929 2930 2931
f 2931 2930 2932
f 2931 2932 2933
f 2933 2932 2934
f 2933 2934 2935
f 2935 2934 2936
f 2936 2937 2935
f 2935 2937 2938
f 2937 2939 2938
f 2938 2939 2940
f 2939 2941 2940
f 2940 2941 2942
f 2942 2941 2943
f 2942 2943 2944
f 2944 2943 2945
f 2944 2945 2946
f 2945 2947 2946
f 2946 2947 2948
f 2947 2949 2948
f 2948 2949 2950
f 2950 2949 2951
f 2951 2949 2952
f 2951 2952 2953
f 2951 2953 2954
f 2954 2953 2955
f 2954 2955 2956
f 2956 2955 2957
f 2956 2957 2958
f 2958 2957 2959
f 2958 2959 2960
f 2960 2959 2961
f 2961 2959 2962
f 2962 2963 2961
f 2961 2963 2964
f 2965 2966 2967
f 2967 2966 2968
f 2968 2966 2969
f 2969 2966 2970
f 2969 2970 2971
f 2971 2970 2972
f 2971 2972 2973
f 2973 2972 2974
f 2973 2974 2975
f 2975 2974 2976
f 2976 2977 2975
f 2975 2977 2978
f 2978 2977 2979
f 2978 2979 2980
f 2980 2979 2981
f 2980 2981 2982
f 2982 2981 2983
f 2983 2981 2984
f 2983 2984 2985
f 2985 2984 2986
f 2985 2986 2987
f 2987 2986 2988
f 2987 2988 2989
f 2989 2988 2990
f 2990 2991 2989
f 2989 2991 2992
f 2992 2991 2993
f 2993 2991 2994
f 2993 2994 2995
f 2993 2995 2996
f 2996 2995 2997
f 2996 2997 2998
f 2998 2997 2999
f 2998 2999 3000
f 3000 2999 3001
f 3000 3001 3002
f 3002 3001 3003
f 3003 3001 3004
f 3004 3005 3003
f 3003 3005 3006
f 3006 3005 3007
f 3007 3005 3008
f 3007 3008 3009
f 3007 3009 3010
f 3010 3009 3011
f 3010 3011 3012
f 3012 3011 3013
f 3012 3013 3014
f 3014 3013 3015
f 3014 3015 3016
f 3016 3015 3017
f 3016 3017 3018
f 3018 3017 3019
f 3018 3019 3020
f 3020 3019 3021
f 3020 3021 3022
f 3022 3021 3023
f 3022 3023 3024
f 3024 3023 3025
f 3025 3023 3026
f 3026 3027 3025
f 3025 3027 3028
f 3028 3027 3029
f 3029 3027 3030
f 3029 3030 3031
f 3029 3031 3032
f 3032 3031 3033
f 3032 3033 3034
f 3034 3033 3035
f 3034 3035 3036
f 3036 3035 3037
f 3036 3037 3038
f 3038 3037 3039
f 3038 3039 3040
f 3040 3039 3041
f 3040 3041 3042
f 3042 3041 3043
f 3042 3043 3044
f 3044 3043 3045
f 3044 3045 3046
f 3046 3045 3047
f 3047 3045 3048
f 3048 3049 3047
f 3047 3049 3050
f 2964 2963 3051
f 3051 2963 3052
f 3051 3052 3053
f 3053 3052 3054
f 3053 3054 3055
f 3055 3054 3056
f 3055 3056 3057
f 3057 3056 3058
f 3057 3058 3059
f 3059 3058 3060
f 3059 3060 3061
f 3061 3060 3062
f 3061 3062 3063
f 3063 3062 3064
f 3063 3064 3065
f 3065 3064 3066
f 3065 3066 3067
f 3067 3066 3068
f 3067 3068 3069
f 3069 3068 3070
f 3069 3070 2899
f 2899 3070 2900
f 3049 3071 3050
f 3050 3071 3072
f 3072 3071 3073
f 3073 3071 3074
f 3073 3074 3075
f 3075 3074 3076
f 3075 3076 3077
f 3077 3076 3078
f 3077 3078 3079
f 3079 3078 3080
f 3079 3080 2967
f 2967 3080 2965
f 3050 2964 3047
f 3047 2964 3051
f 3047 3051 3053
f 3050 2961 2964
f 3047 3053 3046
f 3046 3053 3055
f 3046 3055 3044
f 3044 3055 3057
f 3044 3057 3042
f 3042 3057 3059
f 3042 3059 3040
f 3040 3059 3061
f 3040 3061 3038
f 3038 3061 3036
f 3036 3061 3063
f 3036 3063 3034
f 3034 3063 3065
f 3034 3065 3081
f 3081 3065 3067
f 3081 3067 3069
f 2899 2633 3069
f 3069 2633 2635
f 3069 2635 2637
f 2901 2593 2899
f 2899 2593 2595
f 2899 2595 2597
f 2903 2585 2901
f 2901 2585 2587
f 2901 2587 2589
f 2905 3022 2903
f 2903 3022 3082
f 2903 3082 2581
f 2581 3082 2579
f 2579 3082 2577
f 2577 3082 2575
f 2575 3082 2573
f 2573 3082 2571
f 2571 3082 3025
f 2571 3025 2569
f 2569 3025 2567
f 2567 3025 2565
f 2565 3025 2563
f 2563 3025 3028
f 2563 3028 2615
f 2615 3028 2613
f 2613 3028 2611
f 2611 3028 2657
f 2657 3028 2655
f 2655 3028 2653
f 2653 3028 2651
f 2651 3028 3029
f 2651 3029 2649
f 2649 3029 3081
f 2649 3081 2647
f 2647 3081 2645
f 2645 3081 2643
f 2643 3081 2641
f 2641 3081 3069
f 2641 3069 2639
f 2639 3069 2637
f 3022 2905 3020
f 3020 2905 2907
f 3020 2907 3018
f 3018 2907 2909
f 3018 2909 3016
f 3016 2909 3014
f 3014 2909 2911
f 3014 2911 3012
f 3012 2911 2913
f 3012 2913 3010
f 3010 2913 2915
f 3010 2915 3007
f 3007 2915 2917
f 3007 2917 3006
f 3006 2917 2919
f 3006 2919 2921
f 2924 3003 2921
f 2921 3003 3006
f 3022 3024 3082
f 3082 3024 3025
f 3029 3032 3081
f 3081 3032 3034
f 2563 2615 2609
f 2609 2615 2617
f 2609 2617 2607
f 2607 2617 2619
f 2607 2619 2605
f 2605 2619 2621
f 2605 2621 2603
f 2603 2621 2623
f 2603 2623 2601
f 2601 2623 2625
f 2601 2625 2599
f 2599 2625 2627
f 2599 2627 2899
f 2899 2627 2629
f 2899 2629 2631
f 2631 2633 2899
f 2581 2583 2903
f 2903 2583 2585
f 2589 2591 2901
f 2901 2591 2593
f 2597 2599 2899
f 2950 2975 2948
f 2948 2975 2802
f 2948 2802 2800
f 2967 2968 2950
f 2950 2968 2969
f 2950 2969 2971
f 2973 2975 2971
f 2971 2975 2950
f 2978 2758 2975
f 2975 2758 2756
f 2975 2756 2802
f 2980 2710 2978
f 2978 2710 2708
f 2978 2708 2754
f 2982 2938 2980
f 2980 2938 2722
f 2980 2722 2720
f 2983 2985 2982
f 2982 2985 2935
f 2982 2935 2938
f 2985 2987 2935
f 2935 2987 2989
f 2935 2989 2992
f 2940 2942 2938
f 2938 2942 2722
f 2944 2734 2942
f 2942 2734 2732
f 2942 2732 2730
f 2946 2878 2944
f 2944 2878 2876
f 2944 2876 2874
f 2948 2892 2946
f 2946 2892 2890
f 2946 2890 2888
f 2852 2690 2854
f 2854 2690 2688
f 2854 2688 2856
f 2856 2688 2858
f 2858 2688 2686
f 2858 2686 2860
f 2860 2686 2862
f 2862 2686 2864
f 2864 2686 2684
f 2864 2684 2866
f 2866 2684 2868
f 2868 2684 2870
f 2870 2684 2944
f 2870 2944 2872
f 2872 2944 2874
f 2690 2852 2692
f 2692 2852 2898
f 2692 2898 2694
f 2694 2898 2896
f 2694 2896 2696
f 2696 2896 2948
f 2696 2948 2698
f 2698 2948 2700
f 2700 2948 2702
f 2702 2948 2786
f 2702 2786 2704
f 2704 2786 2784
f 2704 2784 2706
f 2706 2784 2782
f 2706 2782 2660
f 2660 2782 2780
f 2660 2780 2778
f 2896 2894 2948
f 2948 2894 2892
f 2888 2886 2946
f 2946 2886 2884
f 2946 2884 2882
f 2882 2880 2946
f 2946 2880 2878
f 2804 2670 2806
f 2806 2670 2668
f 2806 2668 2808
f 2808 2668 2666
f 2808 2666 2978
f 2978 2666 2664
f 2978 2664 2766
f 2766 2664 2768
f 2768 2664 2770
f 2770 2664 2772
f 2772 2664 2662
f 2772 2662 2774
f 2774 2662 2776
f 2776 2662 2778
f 2778 2662 2660
f 2670 2804 2672
f 2672 2804 2850
f 2672 2850 2848
f 2848 2846 2672
f 2672 2846 2674
f 2674 2846 2844
f 2674 2844 2842
f 2842 2840 2674
f 2674 2840 2838
f 2674 2838 2676
f 2676 2838 2836
f 2676 2836 2834
f 2834 2832 2676
f 2676 2832 2678
f 2678 2832 2830
f 2678 2830 2680
f 2680 2830 2828
f 2680 2828 2682
f 2682 2828 2944
f 2682 2944 2684
f 2828 2826 2944
f 2944 2826 2740
f 2944 2740 2738
f 2740 2826 2742
f 2742 2826 2824
f 2742 2824 2744
f 2744 2824 2822
f 2744 2822 2820
f 2744 2820 2746
f 2746 2820 2818
f 2746 2818 2816
f 2746 2816 2748
f 2748 2816 2814
f 2748 2814 2812
f 2748 2812 2750
f 2750 2812 2810
f 2750 2810 2752
f 2752 2810 2978
f 2752 2978 2754
f 2810 2808 2978
f 2800 2798 2948
f 2948 2798 2796
f 2948 2796 2794
f 2794 2792 2948
f 2948 2792 2790
f 2948 2790 2788
f 2788 2786 2948
f 2766 2764 2978
f 2978 2764 2762
f 2978 2762 2760
f 2760 2758 2978
f 2738 2736 2944
f 2944 2736 2734
f 2730 2728 2942
f 2942 2728 2726
f 2942 2726 2724
f 2724 2722 2942
f 2720 2718 2980
f 2980 2718 2716
f 2980 2716 2714
f 2714 2712 2980
f 2980 2712 2710
f 2935 2992 2933
f 2933 2992 2993
f 2933 2993 2931
f 2931 2993 2996
f 2931 2996 2929
f 2929 2996 2998
f 2929 2998 2927
f 2927 2998 3000
f 2927 3000 2926
f 2926 3000 3002
f 2926 3002 2924
f 2924 3002 3003
f 2967 2950 3079
f 3079 2950 2951
f 3079 2951 3077
f 3077 2951 2954
f 3077 2954 3075
f 3075 2954 2956
f 3075 2956 3073
f 3073 2956 2958
f 3073 2958 3072
f 3072 2958 2960
f 3072 2960 3050
f 3050 2960 2961
f 2962 3049 2963
f 2963 3049 3048
f 2963 3048 3052
f 3052 3048 3054
f 3054 3048 3045
f 3054 3045 3056
f 3056 3045 3043
f 3056 3043 3058
f 3058 3043 3041
f 3058 3041 3060
f 3060 3041 3039
f 3060 3039 3062
f 3062 3039 3037
f 3062 3037 3035
f 3062 3035 3064
f 3064 3035 3033
f 3064 3033 3066
f 3066 3033 3031
f 3066 3031 3068
f 3068 3031 3083
f 3068 3083 2646
f 2646 3083 2648
f 2648 3083 2650
f 2650 3083 2652
f 2652 3083 2654
f 2654 3083 2656
f 2656 3083 3027
f 2656 3027 2658
f 2658 3027 2612
f 2612 3027 2614
f 2614 3027 2616
f 2616 3027 3026
f 2616 3026 2564
f 2564 3026 2566
f 2566 3026 2568
f 2568 3026 2570
f 2570 3026 2572
f 2572 3026 2574
f 2574 3026 2576
f 2576 3026 3023
f 2576 3023 2578
f 2578 3023 3084
f 2578 3084 2580
f 2580 3084 2582
f 2582 3084 2584
f 2584 3084 2586
f 2586 3084 2902
f 2586 2902 2588
f 2588 2902 2590
f 2590 2902 2592
f 2592 2902 2594
f 2594 2902 2900
f 2594 2900 2596
f 2596 2900 2598
f 2598 2900 2600
f 2600 2900 2628
f 2600 2628 2602
f 2602 2628 2626
f 2602 2626 2604
f 2604 2626 2624
f 2604 2624 2606
f 2606 2624 2622
f 2606 2622 2608
f 2608 2622 2620
f 2608 2620 2610
f 2610 2620 2618
f 2610 2618 2564
f 2564 2618 2616
f 3031 3030 3083
f 3083 3030 3027
f 3023 3021 3084
f 3084 3021 3019
f 3084 3019 2906
f 2906 3019 2908
f 2908 3019 3017
f 2908 3017 2910
f 2910 3017 3015
f 2910 3015 3013
f 2910 3013 2912
f 2912 3013 3011
f 2912 3011 2914
f 2914 3011 3009
f 2914 3009 2916
f 2916 3009 3008
f 2916 3008 2918
f 2918 3008 3005
f 2918 3005 2920
f 2920 3005 2922
f 2922 3005 3004
f 2922 3004 2923
f 2906 2904 3084
f 3084 2904 2902
f 3070 2634 2900
f 2900 2634 2632
f 2900 2632 2630
f 3068 2642 3070
f 3070 2642 2640
f 3070 2640 2638
f 2646 2644 3068
f 3068 2644 2642
f 2638 2636 3070
f 3070 2636 2634
f 2630 2628 2900
f 2947 2976 2949
f 2949 2976 2972
f 2949 2972 2970
f 2945 2891 2947
f 2947 2891 2893
f 2947 2893 2895
f 2943 2877 2945
f 2945 2877 2879
f 2945 2879 2881
f 2941 2733 2943
f 2943 2733 2735
f 2943 2735 2737
f 2939 2937 2941
f 2941 2937 2721
f 2941 2721 2723
f 2936 2981 2937
f 2937 2981 2979
f 2937 2979 2721
f 2721 2979 2719
f 2719 2979 2717
f 2717 2979 2715
f 2715 2979 2713
f 2713 2979 2711
f 2711 2979 2709
f 2709 2979 2977
f 2709 2977 2707
f 2707 2977 2753
f 2753 2977 2751
f 2751 2977 2809
f 2751 2809 2749
f 2749 2809 2811
f 2749 2811 2747
f 2747 2811 2813
f 2747 2813 2815
f 2991 2990 2936
f 2936 2990 2988
f 2936 2988 2986
f 2984 2981 2986
f 2986 2981 2936
f 2976 2757 2977
f 2977 2757 2759
f 2977 2759 2761
f 2976 2974 2972
f 2970 2966 2949
f 2949 2966 2965
f 2855 2687 2853
f 2853 2687 2689
f 2853 2689 2851
f 2851 2689 2691
f 2851 2691 2897
f 2897 2691 2693
f 2897 2693 2895
f 2895 2693 2695
f 2895 2695 2947
f 2947 2695 2697
f 2947 2697 2699
f 2855 2857 2687
f 2687 2857 2685
f 2685 2857 2859
f 2685 2859 2861
f 2861 2863 2685
f 2685 2863 2683
f 2683 2863 2865
f 2683 2865 2867
f 2867 2869 2683
f 2683 2869 2943
f 2683 2943 2681
f 2681 2943 2827
f 2681 2827 2679
f 2679 2827 2829
f 2679 2829 2677
f 2677 2829 2831
f 2677 2831 2675
f 2675 2831 2833
f 2675 2833 2835
f 2869 2871 2943
f 2943 2871 2873
f 2943 2873 2875
f 2875 2877 2943
f 2881 2883 2945
f 2945 2883 2885
f 2945 2885 2887
f 2887 2889 2945
f 2945 2889 2891
f 2807 2667 2805
f 2805 2667 2669
f 2805 2669 2803
f 2803 2669 2671
f 2803 2671 2849
f 2849 2671 2847
f 2847 2671 2845
f 2845 2671 2673
f 2845 2673 2843
f 2843 2673 2841
f 2841 2673 2839
f 2839 2673 2837
f 2837 2673 2675
f 2837 2675 2835
f 2809 2977 2807
f 2807 2977 2665
f 2807 2665 2667
f 2747 2815 2745
f 2745 2815 2817
f 2745 2817 2819
f 2745 2819 2743
f 2743 2819 2821
f 2743 2821 2823
f 2743 2823 2741
f 2741 2823 2825
f 2741 2825 2739
f 2739 2825 2943
f 2739 2943 2737
f 2825 2827 2943
f 2761 2763 2977
f 2977 2763 2765
f 2977 2765 2663
f 2663 2765 2767
f 2663 2767 2769
f 2769 2771 2663
f 2663 2771 2661
f 2661 2771 2773
f 2661 2773 2775
f 2775 2777 2661
f 2661 2777 2659
f 2659 2777 2779
f 2659 2779 2781
f 2659 2781 2705
f 2705 2781 2783
f 2705 2783 2703
f 2703 2783 2785
f 2703 2785 2701
f 2701 2785 2947
f 2701 2947 2699
f 2785 2787 2947
f 2947 2787 2789
f 2947 2789 2791
f 2791 2793 2947
f 2947 2793 2795
f 2947 2795 2797
f 2797 2799 2947
f 2947 2799 2801
f 2947 2801 2976
f 2976 2801 2755
f 2976 2755 2757
f 2723 2725 2941
f 2941 2725 2727
f 2941 2727 2729
f 2729 2731 2941
f 2941 2731 2733
f 2663 2665 2977
f 2923 3004 3085
f 3085 3004 3001
f 3085 3001 3086
f 3086 3001 2999
f 3086 2999 3087
f 3087 2999 2997
f 3087 2997 3088
f 3088 2997 2995
f 3088 2995 3089
f 3089 2995 2994
f 3089 2994 2991
f 2991 2936 3089
f 3089 2936 2934
f 3089 2934 3088
f 3088 2934 2932
f 3088 2932 3087
f 3087 2932 2930
f 3087 2930 3086
f 3086 2930 2928
f 3086 2928 3085
f 3085 2928 2925
f 3085 2925 2923
f 3049 2962 3090
f 3090 2962 2959
f 3090 2959 3091
f 3091 2959 2957
f 3091 2957 3092
f 3092 2957 2955
f 3092 2955 3093
f 3093 2955 2953
f 3093 2953 3094
f 3094 2953 2952
f 3094 2952 2949
f 2949 2965 3094
f 3094 2965 3080
f 3094 3080 3093
f 3093 3080 3078
f 3093 3078 3092
f 3092 3078 3076
f 3092 3076 3091
f 3091 3076 3074
f 3091 3074 3090
f 3090 3074 3071
f 3090 3071 3049
g Body1

v 10.999001 57.762001 -1.964000
v 13.856001 57.762001 8.086000
v 30.998001 57.762001 -1.964000
v 35.398003 57.530003 -1.964000
v 25.283251 47.812004 -1.964000
v 50.999001 57.762001 -1.964000
v 45.264004 57.530003 -1.964000
v 71.000000 57.762001 -1.964000
v 54.428001 57.762001 2.536000
v 25.284000 57.762001 8.086000
v -8.810000 57.762001 -1.904000
v -9.000000 57.762001 -1.964000
v 43.856003 57.762001 2.536000
v 48.141251 47.812004 -1.964000
v 2.428000 57.762001 8.086000
v 36.714001 57.762001 8.086000
v -9.000000 57.080002 2.535250
v -9.000000 57.762001 11.460001
v -9.000000 57.762001 2.536000
v -9.000000 57.010002 2.536000
v -9.000000 47.812004 9.218000
v -9.000000 47.812004 20.388000
v -9.000000 37.862003 9.218000
v -9.000000 37.862003 20.390001
v -9.000000 27.912001 9.218000
v -9.000000 27.912001 20.392000
v -9.000000 17.962002 9.218000
v -9.000000 17.962002 20.394001
v -9.000000 8.012000 9.218000
v -9.000000 8.012000 20.396002
v -9.000000 -1.938000 9.218000
v -9.000750 -1.938000 20.398001
v -9.000000 57.010002 -1.290000
v -9.000000 47.186001 -1.964750
v -9.000000 57.010002 -1.964000
v -9.000000 37.360001 -1.964000
v -9.000000 27.536001 -1.964000
v -9.000000 17.712000 -1.964000
v -9.000000 7.886000 -1.964000
v -9.000750 -1.938000 -1.964000
v -9.000000 8.011250 31.580002
v -9.000000 -1.938000 31.580002
v -9.000000 8.012000 42.762001
v -9.000750 -1.938000 42.762001
v -9.000750 8.012000 53.942001
v -9.000000 -1.938000 53.942001
v -9.000000 8.012000 65.124001
v -9.000750 -1.938000 65.124001
v -9.000750 8.012000 76.306007
v -9.000000 -1.938000 76.306007
v -9.000000 8.012000 87.486008
v -9.000750 -1.938000 87.486008
v -9.000750 17.962002 87.486008
v -9.000000 17.962002 76.306007
v -9.000750 17.962002 65.124001
v -9.000000 17.962002 53.942001
v -9.000000 17.961252 42.762001
v -9.000750 17.962002 31.580002
v -9.000000 27.912001 87.486008
v -9.000750 27.912001 76.306007
v -9.000000 27.912001 65.124001
v -9.000750 27.912001 53.942001
v -9.000000 27.912001 42.762001
v -9.000000 27.911251 31.580002
v -9.000750 37.862003 87.486008
v -9.000000 37.861252 76.306007
v -9.000750 37.862003 65.124001
v -9.000000 37.862003 53.942001
v -9.000000 37.861252 42.762001
v -9.000750 37.862003 31.580002
v -9.000000 47.812004 87.486008
v -9.000000 47.812004 76.306007
v -9.000000 47.812004 65.124001
v -9.000000 47.812004 53.942001
v -9.000000 47.812004 42.762001
v -9.000000 47.812004 31.580002
v -9.000750 57.762001 87.486008
v -9.000000 57.762001 77.424004
v -9.000000 57.762001 67.362000
v -9.000000 57.762001 57.298004
v -8.904000 57.761250 -1.934000
v -8.810000 57.406002 -1.904000
v -9.000000 57.762001 47.236004
v -9.000000 57.762001 38.236000
v -9.000000 57.762001 29.312002
v -9.000000 57.762001 20.386002
v -8.860001 57.498001 -1.964000
v -8.718000 57.234001 -1.964000
v 5.796000 57.530003 -1.964000
v -4.070000 57.010002 -1.964000
v 13.856001 47.812004 -1.964000
v 55.132004 57.530003 -1.964000
v 64.998001 57.530003 -1.964000
v 59.570004 47.811253 -1.964000
v 36.714001 47.812004 -1.964000
v 2.428000 47.812004 -1.964000
v 2.428000 37.862003 -1.964000
v 13.855251 37.861252 -1.964000
v 13.856001 27.912001 -1.964000
v 25.284000 27.912001 -1.964000
v 25.283251 17.962002 -1.964000
v 36.713249 17.961252 -1.964000
v 36.714001 8.012000 -1.964000
v 48.142002 8.012000 -1.964000
v 41.000004 -1.938000 -1.964000
v 50.998001 -1.938000 -1.964000
v 59.570004 8.012000 -1.964000
v 60.998001 -1.938000 -1.964000
v 71.000000 8.012000 -1.964000
v 71.000000 -1.938000 -1.964000
v 71.000000 47.812004 -1.964000
v 71.000000 37.862003 -1.964000
v 59.570004 37.861252 -1.964000
v 48.142002 37.862003 -1.964000
v 36.713249 37.862003 -1.964000
v 25.284000 37.862003 -1.964000
v 71.000000 27.912001 -1.964000
v 59.570004 27.911251 -1.964000
v 48.141251 27.912001 -1.964000
v 36.714001 27.912001 -1.964000
v 71.000000 17.962002 -1.964000
v 59.570004 17.961252 -1.964000
v 48.142002 17.962002 -1.964000
v 30.998001 -1.938000 -1.964000
v 25.284000 8.012000 -1.964000
v 13.855251 17.962002 -1.964000
v 2.428000 27.912001 -1.964000
v 20.998001 -1.938000 -1.964000
v 13.856001 8.012000 -1.964000
v 2.428000 17.962002 -1.964000
v 10.998000 -1.938000 -1.964000
v 2.428000 8.012000 -1.964000
v 0.998000 -1.938000 -1.964000
v -9.132000 57.010002 2.536000
v 64.998001 57.762001 2.536000
v 71.000000 57.762001 8.086000
v 59.570004 57.762001 8.086000
v 59.569252 57.762001 18.136002
v 48.141251 57.762001 18.136002
v 48.142002 57.762001 28.186001
v 36.714001 57.762001 28.186001
v 41.000004 57.762001 38.236000
v 30.998001 57.762001 38.236000
v 25.284000 57.762001 28.186001
v 20.998001 57.762001 38.236000
v 13.856001 57.762001 28.186001
v 10.998000 57.762001 38.236000
v 2.428000 57.762001 28.186001
v 0.998000 57.762001 38.236000
v 48.142002 57.762001 8.086000
v 36.713249 57.762001 18.136002
v 25.283251 57.762001 18.136002
v 13.855251 57.762001 18.136002
v 2.428000 57.762001 18.136002
v 50.998001 57.762001 38.236000
v 59.570004 57.762001 28.186001
v 71.000000 57.762001 18.136002
v 60.998001 57.762001 38.236000
v 71.000000 57.762001 28.186001
v 71.000000 57.762001 38.236000
v -20.112001 57.762001 38.235249
v -20.112001 57.762001 47.236004
v -31.224001 57.762001 38.236000
v -31.224751 57.762001 47.236004
v -42.334003 57.762001 38.236000
v -42.334755 57.762001 47.236004
v -53.446003 57.762001 38.236000
v -53.446754 57.762001 47.236004
v -64.556000 57.762001 38.236000
v -64.556747 57.762001 47.236004
v -75.668007 57.762001 38.236000
v -75.668755 57.762001 47.236004
v -86.778008 57.762001 38.236000
v -86.778755 57.762001 47.236004
v -97.890007 57.762001 38.236000
v -97.890755 57.762001 47.236004
v -109.000008 57.762001 38.236000
v -109.000008 57.762001 47.236004
v -109.000755 62.262005 47.236004
v -109.000008 62.262005 38.236000
v 0.998000 57.762001 47.236004
v -7.750751 62.262005 47.236004
v -19.000750 62.262005 47.236004
v -30.250751 62.262005 47.236004
v -41.500755 62.262005 47.236004
v -52.750755 62.262005 47.236004
v -64.000748 62.262005 47.236004
v -75.250748 62.262005 47.236004
v -86.500755 62.262005 47.236004
v -97.750755 62.262005 47.236004
v 3.497250 62.262005 47.236004
v 10.998000 57.762001 47.236004
v 14.747252 62.262005 47.236004
v 20.998001 57.762001 47.236004
v 25.997252 62.262005 47.236004
v 30.998001 57.762001 47.236004
v 37.249249 62.262005 47.236004
v 41.000004 57.762001 47.236004
v 48.497250 62.262005 47.236004
v 50.998001 57.762001 47.236004
v 59.747250 62.262005 47.236004
v 60.998001 57.762001 47.235252
v 71.000000 62.262005 47.236004
v 71.000000 57.762001 47.236004
v -8.958000 57.682003 -1.428000
v -97.750008 62.262005 38.236000
v -86.500008 62.262005 38.236000
v -75.250000 62.262005 38.236000
v -64.000000 62.262005 38.236000
v -52.750004 62.262005 38.236000
v -41.500004 62.262005 38.236000
v -30.250002 62.262005 38.236000
v -19.000000 62.262005 38.236000
v -7.750000 62.262005 38.236000
v 3.498000 62.262005 38.236000
v 14.748001 62.262005 38.236000
v 25.998001 62.262005 38.236000
v 37.250000 62.262005 38.236000
v 48.498001 62.262005 38.236000
v 59.748001 62.262005 38.236000
v 70.999252 62.262005 38.236000
v -8.810000 57.362003 -1.904000
v 71.000000 57.762001 57.298004
v 59.570004 57.762001 57.298004
v 59.569252 57.762001 67.362000
v 48.141251 57.762001 67.362000
v 48.142002 57.762001 77.424004
v 36.714001 57.762001 77.424004
v 41.000004 57.762001 87.486008
v 30.998001 57.762001 87.486008
v 25.284000 57.762001 77.424004
v 20.998001 57.762001 87.486008
v 13.856001 57.762001 77.424004
v 10.998000 57.762001 87.486008
v 2.428000 57.762001 77.424004
v 0.998000 57.762001 87.486008
v 48.142002 57.762001 57.298004
v 36.713249 57.762001 67.362000
v 36.714001 57.762001 57.298004
v 25.283251 57.762001 67.362000
v 25.284000 57.762001 57.298004
v 13.855251 57.762001 67.362000
v 13.856001 57.762001 57.298004
v 2.427250 57.762001 67.362000
v 2.428000 57.762001 57.298004
v 50.998001 57.762001 87.486008
v 59.570004 57.762001 77.424004
v 71.000000 57.762001 67.362000
v 60.998001 57.762001 87.486008
v 71.000000 57.762001 77.424004
v 71.000000 57.762001 87.486008
v 71.000000 51.562004 53.942001
v 71.000000 51.562004 42.762001
v 71.000000 51.562004 31.580002
v 71.000000 51.562004 20.398001
v 71.000000 51.562004 9.218000
v 71.000000 40.862003 9.218000
v 71.000000 30.162001 9.218000
v 71.000000 19.462002 9.218000
v 71.000000 8.762000 9.218000
v 71.000000 -1.938000 9.218000
v 71.000000 51.562004 65.124001
v 71.000000 51.562004 76.306007
v 71.000000 47.812004 87.486008
v 71.000000 40.861252 76.306007
v 71.000000 40.862003 65.124001
v 71.000000 30.161251 65.124001
v 71.000000 30.162001 53.942001
v 71.000000 19.462751 53.942001
v 71.000000 19.462002 42.762001
v 71.000000 8.762750 42.762001
v 71.000000 8.762000 31.580002
v 71.000000 -1.938000 31.580002
v 71.000000 -1.938000 20.398001
v 71.000000 37.862003 87.486008
v 71.000000 30.162001 76.306007
v 71.000000 19.461252 65.124001
v 71.000000 8.761250 53.942001
v 71.000000 -1.938000 42.762001
v 71.000000 27.912001 87.486008
v 71.000000 19.462002 76.306007
v 70.999252 8.762000 65.124001
v 71.000000 -1.938000 53.942001
v 71.000000 17.962002 87.486008
v 71.000000 8.762000 76.306007
v 71.000000 -1.938000 65.124001
v 71.000000 8.012000 87.486008
v 71.000000 -1.938000 76.306007
v 71.000000 -1.938000 87.486008
v 71.000000 8.762000 20.398001
v 71.000000 40.862003 53.942001
v 71.000000 40.862003 42.762001
v 71.000000 40.862003 31.580002
v 71.000000 40.862003 20.398001
v 71.000000 30.162001 42.762001
v 71.000000 30.162001 31.580002
v 71.000000 30.162001 20.398001
v 71.000000 19.462002 31.580002
v 71.000000 19.462002 20.398001
v 0.998000 -1.938000 87.486008
v 2.428000 -1.938000 76.306007
v 10.998000 -1.938000 87.486008
v 13.856001 -1.938000 76.306007
v 20.998001 -1.938000 87.486008
v 25.284000 -1.938000 76.306007
v 30.998001 -1.938000 87.486008
v 36.714001 -1.938000 76.306007
v 41.000004 -1.938000 87.486008
v 48.142002 -1.938000 76.306007
v 50.998001 -1.938000 87.486008
v 59.569252 -1.938000 76.306007
v 60.998001 -1.938000 87.486008
v 2.427250 -1.938000 65.124001
v 13.855251 -1.938000 65.124001
v 25.283251 -1.938000 65.124001
v 36.713249 -1.938000 65.124001
v 48.141251 -1.938000 65.124001
v 59.570004 -1.938000 65.124001
v 59.570004 -1.938000 53.942001
v 59.570004 -1.938000 42.762001
v 59.570004 -1.938000 31.580002
v 59.570004 -1.938000 20.398001
v 59.570004 -1.938000 9.218000
v 2.428000 -1.938000 53.942001
v 13.856001 -1.938000 53.942001
v 25.284000 -1.938000 53.942001
v 36.714001 -1.938000 53.942001
v 48.142002 -1.938000 53.942001
v 2.427250 -1.938000 42.762001
v 13.855251 -1.938000 42.762001
v 25.283251 -1.938000 42.762001
v 36.713249 -1.938000 42.762001
v 48.141251 -1.938000 42.762001
v 2.428000 -1.938000 31.580002
v 13.856001 -1.938000 31.580002
v 25.284000 -1.938000 31.580002
v 36.714001 -1.938000 31.580002
v 48.142002 -1.938000 31.580002
v 2.427250 -1.938000 20.398001
v 13.855251 -1.938000 20.398001
v 25.283251 -1.938000 20.398001
v 36.713249 -1.938000 20.398001
v 48.141251 -1.938000 20.398001
v 2.428000 -1.938000 9.218000
v 13.856001 -1.938000 9.218000
v 25.284000 -1.938000 9.218000
v 36.714001 -1.938000 9.218000
v 48.142002 -1.938000 9.218000
v 2.428000 47.812004 87.486008
v 13.856001 47.812004 87.486008
v 25.284000 47.812004 87.486008
v 36.714001 47.812004 87.486008
v 48.142002 47.812004 87.486008
v 59.569252 47.812004 87.486008
v 2.427250 37.862003 87.486008
v 13.855251 37.862003 87.486008
v 25.283251 37.862003 87.486008
v 36.713249 37.862003 87.486008
v 48.141251 37.862003 87.486008
v 59.570004 37.862003 87.486008
v 59.570004 27.912001 87.486008
v 59.570004 17.962002 87.486008
v 59.570004 8.012000 87.486008
v 2.428000 27.912001 87.486008
v 13.856001 27.912001 87.486008
v 25.284000 27.912001 87.486008
v 36.714001 27.912001 87.486008
v 48.142002 27.912001 87.486008
v 2.427250 17.962002 87.486008
v 13.855251 17.962002 87.486008
v 25.283251 17.962002 87.486008
v 36.713249 17.962002 87.486008
v 48.141251 17.962002 87.486008
v 2.428000 8.012000 87.486008
v 13.856001 8.012000 87.486008
v 25.284000 8.012000 87.486008
v 36.714001 8.012000 87.486008
v 48.142002 8.012000 87.486008
v -9.132000 57.010002 -0.628000
v -9.466001 57.010002 0.202000
v -8.718000 57.234001 2.536000
v -8.810000 57.010002 -1.904000
f 3095 3096 3097
f 3098 3099 3097
f 3100 3101 3097
f 3102 3100 3103
f 3104 3097 3096
f 3105 3095 3106
f 3100 3097 3107
f 3101 3100 3108
f 3096 3095 3109
f 3107 3097 3110
f 3095 3097 3099
f 3111 3112 3113
f 3114 3112 3111
f 3112 3114 3115
f 3112 3115 3116
f 3116 3115 3117
f 3116 3117 3118
f 3118 3117 3119
f 3118 3119 3120
f 3120 3119 3121
f 3120 3121 3122
f 3122 3121 3123
f 3122 3123 3124
f 3124 3123 3125
f 3124 3125 3126
f 3127 3128 3114
f 3129 3128 3127
f 3114 3128 3115
f 3115 3128 3117
f 3117 3128 3130
f 3117 3130 3119
f 3119 3130 3131
f 3119 3131 3121
f 3121 3131 3132
f 3121 3132 3123
f 3123 3132 3133
f 3123 3133 3125
f 3125 3133 3134
f 3124 3126 3135
f 3135 3126 3136
f 3135 3136 3137
f 3137 3136 3138
f 3137 3138 3139
f 3139 3138 3140
f 3139 3140 3141
f 3141 3140 3142
f 3141 3142 3143
f 3143 3142 3144
f 3143 3144 3145
f 3145 3144 3146
f 3145 3147 3143
f 3143 3147 3148
f 3143 3148 3141
f 3141 3148 3149
f 3141 3149 3139
f 3139 3149 3150
f 3139 3150 3137
f 3137 3150 3151
f 3137 3151 3135
f 3135 3151 3152
f 3135 3152 3124
f 3124 3152 3122
f 3147 3153 3148
f 3148 3153 3154
f 3148 3154 3149
f 3149 3154 3155
f 3149 3155 3150
f 3150 3155 3156
f 3150 3156 3151
f 3151 3156 3157
f 3151 3157 3152
f 3152 3157 3158
f 3152 3158 3122
f 3122 3158 3120
f 3153 3159 3154
f 3154 3159 3160
f 3154 3160 3155
f 3155 3160 3161
f 3155 3161 3156
f 3156 3161 3162
f 3156 3162 3157
f 3157 3162 3163
f 3157 3163 3158
f 3158 3163 3164
f 3158 3164 3120
f 3120 3164 3118
f 3159 3165 3160
f 3160 3165 3166
f 3160 3166 3161
f 3161 3166 3167
f 3161 3167 3162
f 3162 3167 3168
f 3162 3168 3163
f 3163 3168 3169
f 3163 3169 3164
f 3164 3169 3170
f 3164 3170 3118
f 3118 3170 3116
f 3171 3172 3165
f 3165 3172 3166
f 3172 3173 3166
f 3166 3173 3167
f 3173 3174 3167
f 3167 3174 3168
f 3175 3106 3176
f 3174 3177 3168
f 3168 3177 3169
f 3169 3177 3178
f 3169 3178 3170
f 3170 3178 3179
f 3170 3179 3116
f 3116 3179 3180
f 3116 3180 3112
f 3181 3182 3176
f 3183 3184 3106
f 3183 3095 3185
f 3099 3185 3095
f 3186 3108 3100
f 3187 3188 3186
f 3098 3101 3189
f 3186 3100 3187
f 3102 3187 3100
f 3106 3095 3183
f 3098 3097 3101
f 3129 3106 3182
f 3184 3182 3106
f 3184 3129 3182
f 3128 3129 3184
f 3128 3184 3190
f 3128 3190 3191
f 3191 3190 3192
f 3191 3192 3193
f 3193 3192 3194
f 3193 3194 3195
f 3195 3194 3196
f 3195 3196 3197
f 3197 3196 3198
f 3197 3198 3199
f 3199 3198 3200
f 3200 3198 3201
f 3200 3201 3202
f 3202 3201 3203
f 3202 3203 3204
f 3184 3183 3190
f 3190 3183 3185
f 3099 3098 3189
f 3189 3101 3108
f 3108 3186 3188
f 3188 3187 3205
f 3205 3187 3102
f 3205 3206 3188
f 3188 3206 3207
f 3188 3207 3108
f 3108 3207 3208
f 3108 3208 3189
f 3189 3208 3209
f 3189 3209 3099
f 3099 3209 3210
f 3099 3210 3185
f 3185 3210 3192
f 3185 3192 3190
f 3206 3211 3207
f 3207 3211 3212
f 3207 3212 3208
f 3208 3212 3213
f 3208 3213 3209
f 3209 3213 3214
f 3209 3214 3210
f 3210 3214 3194
f 3210 3194 3192
f 3211 3215 3212
f 3212 3215 3216
f 3212 3216 3213
f 3213 3216 3217
f 3213 3217 3214
f 3214 3217 3196
f 3214 3196 3194
f 3215 3203 3216
f 3216 3203 3201
f 3216 3201 3217
f 3217 3201 3198
f 3217 3198 3196
f 3199 3218 3197
f 3197 3218 3219
f 3197 3219 3195
f 3195 3219 3220
f 3195 3220 3193
f 3193 3220 3221
f 3193 3221 3191
f 3191 3221 3130
f 3191 3130 3128
f 3218 3222 3219
f 3219 3222 3223
f 3219 3223 3220
f 3220 3223 3224
f 3220 3224 3221
f 3221 3224 3131
f 3221 3131 3130
f 3222 3225 3223
f 3223 3225 3226
f 3223 3226 3224
f 3224 3226 3132
f 3224 3132 3131
f 3225 3227 3226
f 3226 3227 3133
f 3226 3133 3132
f 3227 3134 3133
f 3111 3228 3114
f 3102 3229 3230
f 3230 3229 3231
f 3230 3231 3232
f 3232 3231 3233
f 3232 3233 3234
f 3234 3233 3235
f 3234 3235 3236
f 3236 3235 3237
f 3237 3235 3238
f 3237 3238 3239
f 3239 3238 3240
f 3239 3240 3241
f 3241 3240 3242
f 3241 3242 3243
f 3243 3242 3179
f 3243 3179 3178
f 3231 3103 3244
f 3231 3244 3233
f 3233 3244 3245
f 3233 3245 3235
f 3235 3245 3238
f 3244 3107 3110
f 3244 3110 3245
f 3245 3110 3246
f 3245 3246 3238
f 3238 3246 3240
f 3110 3104 3246
f 3246 3104 3247
f 3246 3247 3240
f 3240 3247 3242
f 3104 3096 3247
f 3247 3096 3248
f 3247 3248 3242
f 3242 3248 3180
f 3242 3180 3179
f 3096 3109 3248
f 3248 3109 3112
f 3248 3112 3180
f 3109 3113 3112
f 3236 3249 3234
f 3234 3249 3250
f 3234 3250 3232
f 3232 3250 3251
f 3232 3251 3230
f 3249 3252 3250
f 3250 3252 3253
f 3250 3253 3251
f 3252 3254 3253
f 3178 3177 3255
f 3255 3177 3256
f 3255 3256 3257
f 3257 3256 3258
f 3257 3258 3259
f 3259 3258 3260
f 3259 3260 3261
f 3261 3260 3262
f 3261 3262 3263
f 3263 3262 3264
f 3263 3264 3265
f 3265 3264 3266
f 3265 3266 3267
f 3267 3266 3268
f 3267 3268 3269
f 3269 3268 3270
f 3269 3270 3271
f 3271 3270 3272
f 3273 3274 3272
f 3272 3274 3271
f 3275 3276 3177
f 3177 3276 3277
f 3177 3277 3256
f 3256 3277 3278
f 3256 3278 3258
f 3258 3278 3279
f 3258 3279 3260
f 3260 3279 3280
f 3260 3280 3262
f 3262 3280 3281
f 3262 3281 3264
f 3264 3281 3282
f 3264 3282 3266
f 3266 3282 3283
f 3266 3283 3268
f 3268 3283 3284
f 3268 3284 3270
f 3270 3284 3273
f 3270 3273 3272
f 3276 3275 3285
f 3285 3275 3286
f 3285 3286 3287
f 3287 3286 3288
f 3287 3288 3289
f 3289 3288 3290
f 3289 3290 3291
f 3291 3290 3292
f 3291 3292 3293
f 3293 3292 3294
f 3293 3294 3295
f 3295 3294 3296
f 3295 3296 3297
f 3297 3296 3298
f 3106 3175 3299
f 3274 3273 3300
f 3300 3273 3284
f 3300 3284 3301
f 3301 3284 3283
f 3301 3283 3302
f 3302 3283 3282
f 3302 3282 3303
f 3303 3282 3281
f 3303 3281 3304
f 3304 3281 3280
f 3304 3280 3305
f 3305 3280 3279
f 3305 3279 3306
f 3306 3279 3278
f 3306 3278 3307
f 3307 3278 3277
f 3307 3277 3308
f 3308 3277 3276
f 3308 3276 3309
f 3309 3276 3285
f 3309 3285 3310
f 3310 3285 3287
f 3310 3287 3311
f 3311 3287 3289
f 3311 3289 3312
f 3312 3289 3291
f 3312 3291 3313
f 3313 3291 3293
f 3313 3293 3314
f 3314 3293 3295
f 3314 3295 3315
f 3315 3295 3297
f 3254 3252 3315
f 3315 3252 3314
f 3314 3252 3249
f 3314 3249 3313
f 3313 3249 3236
f 3313 3236 3312
f 3312 3236 3237
f 3312 3237 3311
f 3311 3237 3239
f 3311 3239 3310
f 3310 3239 3241
f 3310 3241 3309
f 3309 3241 3243
f 3309 3243 3308
f 3308 3243 3178
f 3308 3178 3307
f 3307 3178 3255
f 3307 3255 3306
f 3306 3255 3257
f 3306 3257 3305
f 3305 3257 3259
f 3305 3259 3304
f 3304 3259 3261
f 3304 3261 3303
f 3303 3261 3263
f 3303 3263 3302
f 3302 3263 3265
f 3302 3265 3301
f 3301 3265 3267
f 3301 3267 3300
f 3300 3267 3269
f 3300 3269 3274
f 3274 3269 3271
f 3182 3181 3316
f 3298 3296 3317
f 3317 3296 3318
f 3317 3318 3319
f 3319 3318 3320
f 3319 3320 3321
f 3321 3320 3322
f 3321 3322 3323
f 3323 3322 3324
f 3324 3322 3325
f 3324 3325 3326
f 3326 3325 3327
f 3326 3327 3328
f 3328 3327 3329
f 3328 3329 3330
f 3330 3329 3172
f 3330 3172 3171
f 3296 3294 3318
f 3318 3294 3331
f 3318 3331 3320
f 3320 3331 3332
f 3320 3332 3322
f 3322 3332 3325
f 3294 3292 3331
f 3331 3292 3333
f 3331 3333 3332
f 3332 3333 3334
f 3332 3334 3325
f 3325 3334 3327
f 3292 3290 3333
f 3333 3290 3335
f 3333 3335 3334
f 3334 3335 3336
f 3334 3336 3327
f 3327 3336 3329
f 3290 3288 3335
f 3335 3288 3337
f 3335 3337 3336
f 3336 3337 3338
f 3336 3338 3329
f 3329 3338 3172
f 3288 3286 3337
f 3337 3286 3339
f 3337 3339 3338
f 3338 3339 3173
f 3338 3173 3172
f 3286 3275 3339
f 3339 3275 3174
f 3339 3174 3173
f 3275 3177 3174
f 3323 3340 3321
f 3321 3340 3341
f 3321 3341 3319
f 3319 3341 3342
f 3319 3342 3317
f 3340 3343 3341
f 3341 3343 3344
f 3341 3344 3342
f 3343 3345 3344
f 3317 3346 3298
f 3298 3346 3347
f 3298 3347 3254
f 3254 3347 3348
f 3254 3348 3253
f 3253 3348 3349
f 3253 3349 3251
f 3251 3349 3350
f 3251 3350 3230
f 3230 3350 3102
f 3102 3350 3205
f 3205 3350 3351
f 3205 3351 3206
f 3206 3351 3352
f 3206 3352 3211
f 3211 3352 3353
f 3211 3353 3215
f 3215 3353 3354
f 3215 3354 3203
f 3203 3354 3355
f 3203 3355 3204
f 3346 3317 3356
f 3356 3317 3342
f 3356 3342 3357
f 3357 3342 3344
f 3357 3344 3345
f 3345 3358 3357
f 3357 3358 3359
f 3357 3359 3360
f 3360 3359 3361
f 3360 3361 3362
f 3362 3361 3363
f 3362 3363 3364
f 3364 3363 3365
f 3364 3365 3366
f 3366 3365 3367
f 3366 3367 3368
f 3358 3369 3359
f 3359 3369 3370
f 3359 3370 3361
f 3361 3370 3371
f 3361 3371 3363
f 3363 3371 3372
f 3363 3372 3365
f 3365 3372 3373
f 3365 3373 3367
f 3369 3374 3370
f 3370 3374 3375
f 3370 3375 3371
f 3371 3375 3376
f 3371 3376 3372
f 3372 3376 3377
f 3372 3377 3373
f 3374 3378 3375
f 3375 3378 3379
f 3375 3379 3376
f 3376 3379 3380
f 3376 3380 3377
f 3378 3381 3379
f 3379 3381 3382
f 3379 3382 3380
f 3381 3383 3382
f 3366 3368 3384
f 3384 3368 3355
f 3384 3355 3354
f 3315 3297 3254
f 3254 3297 3298
f 3357 3360 3356
f 3356 3360 3385
f 3356 3385 3346
f 3346 3385 3386
f 3346 3386 3347
f 3347 3386 3387
f 3347 3387 3348
f 3348 3387 3388
f 3348 3388 3349
f 3349 3388 3351
f 3349 3351 3350
f 3360 3362 3385
f 3385 3362 3389
f 3385 3389 3386
f 3386 3389 3390
f 3386 3390 3387
f 3387 3390 3391
f 3387 3391 3388
f 3388 3391 3352
f 3388 3352 3351
f 3362 3364 3389
f 3389 3364 3392
f 3389 3392 3390
f 3390 3392 3393
f 3390 3393 3391
f 3391 3393 3353
f 3391 3353 3352
f 3364 3366 3392
f 3392 3366 3384
f 3392 3384 3393
f 3393 3384 3354
f 3393 3354 3353
f 3146 3144 3394
f 3394 3144 3395
f 3394 3395 3396
f 3396 3395 3397
f 3396 3397 3398
f 3398 3397 3399
f 3398 3399 3400
f 3400 3399 3401
f 3400 3401 3402
f 3402 3401 3403
f 3402 3403 3404
f 3404 3403 3405
f 3404 3405 3406
f 3406 3405 3382
f 3406 3382 3383
f 3144 3142 3395
f 3395 3142 3407
f 3395 3407 3397
f 3397 3407 3408
f 3397 3408 3399
f 3399 3408 3409
f 3399 3409 3401
f 3401 3409 3410
f 3401 3410 3403
f 3403 3410 3411
f 3403 3411 3405
f 3405 3411 3412
f 3405 3412 3382
f 3382 3412 3380
f 3380 3412 3413
f 3380 3413 3377
f 3377 3413 3414
f 3377 3414 3373
f 3373 3414 3415
f 3373 3415 3367
f 3367 3415 3416
f 3367 3416 3368
f 3368 3416 3417
f 3368 3417 3355
f 3355 3417 3202
f 3355 3202 3204
f 3142 3140 3407
f 3407 3140 3418
f 3407 3418 3408
f 3408 3418 3419
f 3408 3419 3409
f 3409 3419 3420
f 3409 3420 3410
f 3410 3420 3421
f 3410 3421 3411
f 3411 3421 3422
f 3411 3422 3412
f 3412 3422 3413
f 3140 3138 3418
f 3418 3138 3423
f 3418 3423 3419
f 3419 3423 3424
f 3419 3424 3420
f 3420 3424 3425
f 3420 3425 3421
f 3421 3425 3426
f 3421 3426 3422
f 3422 3426 3427
f 3422 3427 3413
f 3413 3427 3414
f 3138 3136 3423
f 3423 3136 3428
f 3423 3428 3424
f 3424 3428 3429
f 3424 3429 3425
f 3425 3429 3430
f 3425 3430 3426
f 3426 3430 3431
f 3426 3431 3427
f 3427 3431 3432
f 3427 3432 3414
f 3414 3432 3415
f 3136 3126 3428
f 3428 3126 3433
f 3428 3433 3429
f 3429 3433 3434
f 3429 3434 3430
f 3430 3434 3435
f 3430 3435 3431
f 3431 3435 3436
f 3431 3436 3432
f 3432 3436 3437
f 3432 3437 3415
f 3415 3437 3416
f 3126 3125 3433
f 3433 3125 3438
f 3433 3438 3434
f 3434 3438 3439
f 3434 3439 3435
f 3435 3439 3440
f 3435 3440 3436
f 3436 3440 3441
f 3436 3441 3437
f 3437 3441 3442
f 3437 3442 3416
f 3416 3442 3417
f 3134 3227 3125
f 3125 3227 3438
f 3227 3225 3438
f 3438 3225 3439
f 3225 3222 3439
f 3439 3222 3440
f 3222 3218 3440
f 3440 3218 3441
f 3218 3199 3441
f 3441 3199 3442
f 3199 3200 3442
f 3442 3200 3417
f 3200 3202 3417
f 3171 3165 3330
f 3330 3165 3443
f 3330 3443 3328
f 3328 3443 3444
f 3328 3444 3326
f 3326 3444 3445
f 3326 3445 3324
f 3324 3445 3446
f 3324 3446 3323
f 3323 3446 3447
f 3323 3447 3340
f 3340 3447 3448
f 3340 3448 3343
f 3343 3448 3358
f 3343 3358 3345
f 3165 3159 3443
f 3443 3159 3449
f 3443 3449 3444
f 3444 3449 3450
f 3444 3450 3445
f 3445 3450 3451
f 3445 3451 3446
f 3446 3451 3452
f 3446 3452 3447
f 3447 3452 3453
f 3447 3453 3448
f 3448 3453 3454
f 3448 3454 3358
f 3358 3454 3369
f 3369 3454 3455
f 3369 3455 3374
f 3374 3455 3456
f 3374 3456 3378
f 3378 3456 3457
f 3378 3457 3381
f 3381 3457 3406
f 3381 3406 3383
f 3159 3153 3449
f 3449 3153 3458
f 3449 3458 3450
f 3450 3458 3459
f 3450 3459 3451
f 3451 3459 3460
f 3451 3460 3452
f 3452 3460 3461
f 3452 3461 3453
f 3453 3461 3462
f 3453 3462 3454
f 3454 3462 3455
f 3153 3147 3458
f 3458 3147 3463
f 3458 3463 3459
f 3459 3463 3464
f 3459 3464 3460
f 3460 3464 3465
f 3460 3465 3461
f 3461 3465 3466
f 3461 3466 3462
f 3462 3466 3467
f 3462 3467 3455
f 3455 3467 3456
f 3147 3145 3463
f 3463 3145 3468
f 3463 3468 3464
f 3464 3468 3469
f 3464 3469 3465
f 3465 3469 3470
f 3465 3470 3466
f 3466 3470 3471
f 3466 3471 3467
f 3467 3471 3472
f 3467 3472 3456
f 3456 3472 3457
f 3146 3394 3145
f 3145 3394 3468
f 3394 3396 3468
f 3468 3396 3469
f 3396 3398 3469
f 3469 3398 3470
f 3398 3400 3470
f 3470 3400 3471
f 3400 3402 3471
f 3471 3402 3472
f 3402 3404 3472
f 3472 3404 3457
f 3404 3406 3457
f 3103 3229 3102
f 3231 3229 3103
f 3103 3100 3244
f 3107 3244 3100
f 3105 3109 3095
f 3105 3113 3109
f 3106 3113 3105
f 3104 3110 3097
f 3127 3114 3473
f 3228 3473 3114
f 3474 3127 3473
f 3111 3113 3475
f 3111 3475 3473
f 3182 3473 3475
f 3228 3111 3473
f 3182 3316 3473
f 3474 3473 3316
f 3181 3106 3316
f 3106 3181 3176
f 3176 3182 3299
f 3475 3299 3182
f 3113 3299 3475
f 3106 3299 3113
f 3176 3299 3105
f 3175 3105 3299
f 3129 3127 3476
f 3127 3316 3476
f 3474 3316 3127
f 3105 3175 3176
f 3129 3476 3106
f 3316 3106 3476
# 3476 vertices
# 0 texture params
# 0 normals
# 7136 facets

# 7 groups
